"Date","Price","Open","High","Low","Vol.","Change %"
"12/31/2024","257.65","256.99","258.39","255.68","40.75K","-0.07%"
"12/30/2024","257.83","259.43","260.51","257.25","44.12K","-0.67%"
"12/27/2024","259.56","258.80","260.91","258.80","16.26K","0.27%"
"12/26/2024","258.87","260.74","260.74","257.90","33.09K","0.04%"
"12/24/2024","258.76","259.11","260.00","258.07","22.66K","-0.14%"
"12/23/2024","259.12","257.35","260.14","257.01","33.33K","0.69%"
"12/20/2024","257.35","263.00","263.00","256.50","217.92K","-1.39%"
"12/19/2024","260.97","263.62","263.62","260.11","213.20K","-0.99%"
"12/18/2024","263.59","263.67","266.97","263.04","44.80K","-0.61%"
"12/17/2024","265.20","268.41","268.41","264.70","148.86K","-1.20%"
"12/16/2024","268.42","269.01","269.99","267.22","27.92K","-0.22%"
"12/13/2024","269.00","267.23","269.13","262.95","47.55K","0.66%"
"12/12/2024","267.24","270.74","270.74","266.72","30.38K","-0.45%"
"12/11/2024","268.44","267.72","269.12","267.19","20.73K","0.27%"
"12/10/2024","267.72","267.31","268.75","266.36","22.98K","-0.05%"
"12/09/2024","267.86","270.17","270.18","267.27","24.13K","-0.22%"
"12/06/2024","268.45","267.96","270.48","265.55","17.66K","0.18%"
"12/05/2024","267.96","265.98","269.93","264.51","68.41K","0.74%"
"12/04/2024","265.98","265.93","267.90","265.00","21.17K","0.02%"
"12/03/2024","265.93","264.09","266.47","263.50","27.55K","0.70%"
"12/02/2024","264.09","259.50","265.40","257.80","155.22K","0.40%"
"11/29/2024","263.04","263.21","263.75","261.04","25.84K","0.93%"
"11/28/2024","260.61","265.00","266.89","260.23","350.38K","-1.55%"
"11/27/2024","264.71","263.53","265.38","262.50","38.25K","0.44%"
"11/26/2024","263.54","267.24","267.24","262.40","24.44K","-0.23%"
"11/25/2024","264.16","262.70","266.49","262.70","77.10K","1.67%"
"11/22/2024","259.82","253.69","260.40","253.69","131.77K","1.86%"
"11/21/2024","255.07","257.47","257.47","253.25","75.16K","-0.53%"
"11/19/2024","256.44","255.58","259.29","255.33","53.54K","0.34%"
"11/18/2024","255.58","256.87","258.98","254.50","117.11K","-0.50%"
"11/14/2024","256.87","258.99","258.99","256.00","453.51K","0.04%"
"11/13/2024","256.78","260.81","260.81","256.00","219.00K","-1.99%"
"11/12/2024","261.99","265.49","272.50","260.00","60.21K","-0.49%"
"11/11/2024","263.29","262.80","265.17","261.88","34.25K","0.18%"
"11/08/2024","262.81","265.59","265.59","262.12","44.02K","-0.28%"
"11/07/2024","263.54","267.18","267.18","263.14","190.65K","-1.36%"
"11/06/2024","267.18","263.44","268.50","263.44","59.59K","1.42%"
"11/05/2024","263.45","261.24","263.83","258.80","87.09K","0.84%"
"11/04/2024","261.25","264.83","265.90","258.75","440.48K","-1.36%"
"11/01/2024","264.84","263.74","269.70","263.24","15.81K","0.42%"
"10/31/2024","263.74","265.13","265.13","262.13","42.08K","-0.53%"
"10/30/2024","265.14","266.30","270.30","264.45","74.51K","-0.44%"
"10/29/2024","266.30","264.99","267.49","263.12","96.09K","0.27%"
"10/28/2024","265.58","264.23","266.95","263.30","40.97K","0.51%"
"10/25/2024","264.24","265.50","265.83","262.24","356.71K","-0.49%"
"10/24/2024","265.54","266.38","266.92","265.00","29.84K","-0.32%"
"10/23/2024","266.39","264.01","268.86","264.01","111.09K","-0.38%"
"10/22/2024","267.41","271.48","271.49","266.52","196.73K","-0.70%"
"10/21/2024","269.30","271.36","272.40","268.14","67.20K","-0.76%"
"10/18/2024","271.37","269.24","271.73","267.29","786.99K","0.79%"
"10/17/2024","269.25","271.49","273.99","269.06","72.61K","-0.83%"
"10/16/2024","271.49","271.99","273.00","271.00","29.34K","-0.41%"
"10/15/2024","272.60","273.55","274.03","271.68","23.95K","-0.25%"
"10/14/2024","273.28","271.43","273.75","271.43","65.30K","0.68%"
"10/11/2024","271.43","274.24","274.24","270.77","16.48K","-0.27%"
"10/10/2024","272.16","271.83","273.47","271.80","28.25K","0.12%"
"10/09/2024","271.83","272.07","274.62","271.16","38.29K","-0.09%"
"10/08/2024","272.07","270.44","273.57","269.75","75.06K","0.60%"
"10/07/2024","270.45","273.28","276.33","269.33","146.65K","-1.04%"
"10/04/2024","273.28","276.43","277.43","271.99","144.72K","-1.14%"
"10/03/2024","276.44","280.76","280.98","275.55","153.89K","-1.54%"
"10/01/2024","280.76","281.43","282.75","279.68","72.00K","-0.24%"
"09/30/2024","281.43","284.44","286.49","280.70","64.72K","-1.06%"
"09/27/2024","284.44","284.46","287.68","283.64","35.69K","-0.01%"
"09/26/2024","284.47","282.30","284.95","281.28","31.74K","0.77%"
"09/25/2024","282.30","281.65","282.86","280.91","46.36K","0.23%"
"09/24/2024","281.66","281.11","282.50","280.86","42.32K","0.19%"
"09/23/2024","281.12","279.51","281.46","278.01","39.92K","0.58%"
"09/20/2024","279.51","276.36","280.00","276.30","85.12K","1.14%"
"09/19/2024","276.36","276.01","278.38","275.50","65.80K","0.13%"
"09/18/2024","276.01","276.36","276.79","274.74","14.42K","-0.13%"
"09/17/2024","276.37","275.88","276.63","275.30","15.27K","0.18%"
"09/16/2024","275.88","275.11","277.00","275.11","26.83K","0.28%"
"09/13/2024","275.11","275.11","277.24","273.52","21.05K","0.00%"
"09/12/2024","275.11","270.33","275.68","270.33","21.23K","1.77%"
"09/11/2024","270.33","270.06","272.28","270.00","17.33K","-0.50%"
"09/10/2024","271.68","270.43","272.64","268.55","22.99K","0.46%"
"09/09/2024","270.43","271.49","271.49","268.55","155.04K","0.16%"
"09/06/2024","270.00","273.22","274.49","269.60","66.23K","-1.18%"
"09/05/2024","273.22","273.31","274.80","272.78","17.51K","-0.03%"
"09/04/2024","273.30","273.89","273.89","271.70","17.65K","-0.22%"
"09/03/2024","273.89","274.06","275.99","273.34","13.50K","-0.06%"
"09/02/2024","274.06","273.71","275.49","273.71","35.96K","0.13%"
"08/30/2024","273.71","272.67","274.79","272.67","17.68K","0.38%"
"08/29/2024","272.68","279.90","279.90","271.01","41.76K","0.35%"
"08/28/2024","271.74","271.29","272.50","270.01","27.25K","0.17%"
"08/27/2024","271.29","270.80","272.00","270.20","11.78K","0.18%"
"08/26/2024","270.79","269.08","271.59","269.07","57.60K","0.64%"
"08/23/2024","269.08","268.01","269.75","268.01","10.74K","0.07%"
"08/22/2024","268.90","269.08","270.49","268.85","16.32K","0.08%"
"08/21/2024","268.69","268.03","269.10","267.82","24.23K","0.25%"
"08/20/2024","268.03","268.00","268.80","267.09","31.67K","0.13%"
"08/19/2024","267.69","266.65","267.84","266.01","55.25K","0.39%"
"08/16/2024","266.66","263.41","267.38","263.18","28.33K","1.23%"
"08/14/2024","263.41","262.36","270.42","261.64","86.53K","0.40%"
"08/13/2024","262.36","264.20","265.05","262.00","21.98K","-0.69%"
"08/12/2024","264.19","264.72","272.65","260.80","36.32K","-0.20%"
"08/09/2024","264.72","262.00","266.68","261.53","347.73K","1.04%"
"08/08/2024","262.00","263.86","264.21","261.10","20.97K","-0.70%"
"08/07/2024","263.86","262.99","264.30","262.64","70.24K","1.15%"
"08/06/2024","260.86","263.78","265.49","260.34","46.89K","-1.10%"
"08/05/2024","263.77","267.50","267.50","260.13","228.65K","-1.59%"
"08/02/2024","268.04","263.25","270.26","260.00","167.11K","-1.32%"
"08/01/2024","271.62","270.83","272.24","270.59","208.25K","0.29%"
"07/31/2024","270.84","269.92","271.00","269.57","25.02K","0.34%"
"07/30/2024","269.92","270.98","270.98","269.00","17.51K","0.22%"
"07/29/2024","269.33","269.71","271.13","268.81","53.26K","0.02%"
"07/26/2024","269.28","264.39","269.78","264.39","82.27K","1.68%"
"07/25/2024","264.84","263.54","265.31","263.00","19.41K","-0.08%"
"07/24/2024","265.06","265.34","267.99","263.59","51.81K","-0.11%"
"07/23/2024","265.34","266.51","268.52","261.67","78.07K","-0.58%"
"07/22/2024","266.90","270.00","272.49","262.53","48.15K","-1.06%"
"07/19/2024","269.77","268.56","285.00","266.02","141.14K","0.45%"
"07/18/2024","268.56","266.36","268.80","263.40","33.28K","0.82%"
"07/16/2024","266.37","266.09","267.00","266.00","7.20K","0.11%"
"07/15/2024","266.09","265.14","268.15","265.14","12.00K","0.36%"
"07/12/2024","265.14","263.61","266.00","263.61","30.66K","0.58%"
"07/11/2024","263.62","263.50","263.96","262.09","14.16K","0.01%"
"07/10/2024","263.60","264.27","264.64","261.62","20.81K","-0.26%"
"07/09/2024","264.28","271.50","271.50","262.00","11.52K","0.27%"
"07/08/2024","263.57","263.83","265.45","262.30","17.29K","-0.10%"
"07/05/2024","263.84","265.20","265.20","262.07","17.98K","0.14%"
"07/04/2024","263.46","266.30","266.30","263.07","24.79K","0.05%"
"07/03/2024","263.34","261.92","263.49","261.92","31.18K","0.54%"
"07/02/2024","261.92","264.60","264.60","261.08","16.50K","0.03%"
"07/01/2024","261.83","263.80","263.80","259.00","88.27K","0.26%"
"06/28/2024","261.16","261.35","263.49","259.00","146.55K","-0.07%"
"06/27/2024","261.35","257.99","263.63","257.42","150.71K","1.14%"
"06/26/2024","258.40","265.10","265.10","256.40","240.58K","0.39%"
"06/25/2024","257.40","255.60","259.00","255.15","115.37K","0.70%"
"06/24/2024","255.60","251.05","257.83","251.05","125.00K","0.45%"
"06/21/2024","254.45","257.99","257.99","253.46","149.97K","-0.63%"
"06/20/2024","256.07","255.78","256.58","254.00","177.52K","-0.13%"
"06/19/2024","256.40","255.06","259.13","253.40","122.29K","0.53%"
"06/18/2024","255.06","253.64","255.48","252.13","125.62K","0.56%"
"06/14/2024","253.63","253.08","254.00","252.13","102.77K","0.22%"
"06/13/2024","253.08","252.25","254.49","252.25","24.72K","0.34%"
"06/12/2024","252.23","251.99","253.33","251.97","33.31K","0.30%"
"06/11/2024","251.47","251.18","253.49","248.20","155.27K","0.12%"
"06/10/2024","251.18","250.00","252.99","250.00","173.80K","-0.01%"
"06/07/2024","251.20","246.76","251.60","245.85","101.90K","1.80%"
"06/06/2024","246.76","246.22","247.86","242.00","200.71K","0.22%"
"06/05/2024","246.22","239.84","247.00","236.50","87.55K","2.66%"
"06/04/2024","239.84","250.50","252.00","237.00","767.06K","-4.77%"
"06/03/2024","251.86","245.10","256.07","245.10","433.10K","3.28%"
"05/31/2024","243.87","244.20","245.25","242.50","258.07K","0.22%"
"05/30/2024","243.34","245.25","245.51","242.84","227.70K","-0.91%"
"05/29/2024","245.58","246.65","247.01","245.37","146.92K","-0.84%"
"05/28/2024","247.65","248.17","248.87","247.10","116.99K","-0.21%"
"05/27/2024","248.17","248.39","249.89","247.64","198.03K","-0.09%"
"05/24/2024","248.39","247.91","248.57","247.09","136.64K","0.19%"
"05/23/2024","247.92","242.01","248.93","242.01","170.71K","1.59%"
"05/22/2024","244.04","243.44","244.32","242.39","70.44K","0.25%"
"05/21/2024","243.44","244.00","244.00","240.73","333.02K","0.22%"
"05/17/2024","242.91","242.09","243.70","241.07","209.72K","0.34%"
"05/16/2024","242.09","240.57","246.00","238.52","270.56K","0.85%"
"05/15/2024","240.06","240.83","241.00","239.39","307.80K","-0.05%"
"05/14/2024","240.19","238.87","240.68","238.51","283.36K","0.55%"
"05/13/2024","238.88","237.98","239.30","235.95","210.72K","0.38%"
"05/10/2024","237.98","237.01","239.00","237.00","502.19K","0.34%"
"05/09/2024","237.18","240.57","240.83","236.89","199.89K","-1.41%"
"05/08/2024","240.58","240.31","241.49","239.50","168.72K","-0.01%"
"05/07/2024","240.60","242.08","242.76","239.63","173.98K","-0.61%"
"05/06/2024","242.08","249.95","249.95","241.49","173.39K","-0.25%"
"05/03/2024","242.68","245.02","247.00","241.16","66.22K","-0.87%"
"05/02/2024","244.82","245.11","248.10","244.19","35.68K","-0.12%"
"04/30/2024","245.11","246.99","251.55","243.62","234.76K","0.10%"
"04/29/2024","244.86","242.12","247.10","241.82","240.95K","1.13%"
"04/26/2024","242.12","243.31","243.33","241.63","112.72K","-0.39%"
"04/25/2024","243.08","241.00","243.67","239.33","34.15K","0.74%"
"04/24/2024","241.30","241.44","242.39","241.00","14.03K","0.02%"
"04/23/2024","241.26","240.83","242.01","240.81","106.34K","0.18%"
"04/22/2024","240.83","238.76","241.60","238.76","51.15K","0.87%"
"04/19/2024","238.76","235.60","239.24","235.26","70.50K","0.56%"
"04/18/2024","237.43","239.00","240.55","237.03","96.20K","-0.57%"
"04/16/2024","238.80","244.25","244.25","238.06","31.58K","-0.61%"
"04/15/2024","240.26","242.01","243.75","240.15","208.75K","-1.14%"
"04/12/2024","243.02","244.67","247.00","242.75","72.61K","-0.67%"
"04/10/2024","244.67","244.33","246.40","243.95","140.74K","0.14%"
"04/09/2024","244.33","247.10","247.10","244.25","23.11K","0.00%"
"04/08/2024","244.32","243.02","245.10","242.86","23.24K","0.52%"
"04/05/2024","243.05","242.84","244.00","242.11","10.59K","-0.02%"
"04/04/2024","243.09","243.52","244.14","240.95","30.30K","0.00%"
"04/03/2024","243.10","242.52","245.95","241.09","886.49K","0.24%"
"04/02/2024","242.53","241.75","243.62","241.27","376.36K","0.32%"
"04/01/2024","241.75","240.56","242.40","240.56","20.74K","0.49%"
"03/28/2024","240.56","238.53","242.00","238.53","22.78K","0.85%"
"03/27/2024","238.53","237.65","239.09","237.01","36.69K","0.58%"
"03/26/2024","237.16","237.47","238.10","236.90","16.69K","-0.39%"
"03/22/2024","238.10","236.38","238.99","235.88","15.07K","0.31%"
"03/21/2024","237.36","235.25","240.00","235.25","70.99K","0.98%"
"03/20/2024","235.05","239.20","239.20","234.08","15.95K","-0.06%"
"03/19/2024","235.18","237.38","241.10","235.00","32.63K","-0.93%"
"03/18/2024","237.38","237.45","238.44","236.50","23.31K","-0.03%"
"03/15/2024","237.45","238.68","238.68","236.06","31.92K","-0.52%"
"03/14/2024","238.68","237.00","239.45","236.48","27.47K","0.70%"
"03/13/2024","237.02","240.49","242.25","236.26","164.67K","-1.44%"
"03/12/2024","240.49","240.78","242.16","239.97","18.82K","-0.04%"
"03/11/2024","240.58","242.15","244.75","240.17","11.86K","-0.59%"
"03/07/2024","242.00","242.11","242.66","241.43","20.19K","-0.05%"
"03/06/2024","242.11","240.58","242.26","239.52","13.70K","0.59%"
"03/05/2024","240.69","241.08","241.36","240.01","10.85K","-0.16%"
"03/04/2024","241.08","240.52","241.58","240.52","20.83K","0.25%"
"03/02/2024","240.48","240.60","241.05","240.24","3.06K","0.12%"
"03/01/2024","240.18","244.05","244.05","236.92","19.40K","1.38%"
"02/29/2024","236.92","236.04","237.89","235.50","25.35K","0.19%"
"02/28/2024","236.48","239.37","239.37","236.07","19.50K","-1.02%"
"02/27/2024","238.92","238.41","239.27","238.00","7.29K","0.16%"
"02/26/2024","238.53","239.05","239.05","237.80","21.05K","-0.22%"
"02/23/2024","239.05","239.09","240.25","238.72","5.60K","-0.02%"
"02/22/2024","239.09","237.50","239.49","236.10","45.12K","0.67%"
"02/21/2024","237.50","239.03","239.65","237.00","38.20K","-0.64%"
"02/20/2024","239.03","240.39","240.40","237.37","14.89K","0.16%"
"02/19/2024","238.64","237.16","239.63","236.77","47.67K","0.62%"
"02/16/2024","237.16","236.01","238.00","235.03","34.10K","0.49%"
"02/15/2024","236.01","235.39","237.39","234.93","19.75K","0.26%"
"02/14/2024","235.39","233.50","235.81","232.39","30.50K","0.46%"
"02/13/2024","234.31","233.20","234.97","231.56","12.35K","0.47%"
"02/12/2024","233.21","234.76","235.19","232.61","59.66K","-0.66%"
"02/09/2024","234.76","234.47","235.00","232.03","12.91K","0.12%"
"02/08/2024","234.47","236.27","237.42","233.58","42.31K","-0.76%"
"02/07/2024","236.27","238.80","239.60","235.26","16.56K","0.24%"
"02/06/2024","235.70","234.26","236.30","234.01","11.62K","0.69%"
"02/05/2024","234.09","235.02","236.60","233.54","19.09K","-0.40%"
"02/02/2024","235.02","233.64","237.70","233.64","22.98K","0.59%"
"02/01/2024","233.64","233.61","234.90","233.21","38.54K","-0.01%"
"01/31/2024","233.66","231.94","234.18","231.13","19.47K","0.74%"
"01/30/2024","231.94","233.49","235.98","231.50","7.82K","-0.66%"
"01/29/2024","233.49","230.29","234.28","230.29","24.16K","1.39%"
"01/25/2024","230.29","231.15","231.15","228.80","22.97K","-0.37%"
"01/24/2024","231.14","228.96","232.90","228.00","17.94K","0.95%"
"01/23/2024","228.96","232.58","235.00","227.74","74.22K","-1.60%"
"01/20/2024","232.69","233.26","233.88","232.20","11.67K","-0.03%"
"01/19/2024","232.77","231.57","233.34","231.57","8.11K","0.52%"
"01/18/2024","231.57","233.75","234.90","229.26","54.09K","-0.23%"
"01/17/2024","232.10","235.13","235.54","231.73","79.47K","-1.96%"
"01/16/2024","236.75","239.80","239.80","236.02","8.18K","-0.25%"
"01/15/2024","237.35","234.50","237.63","233.55","25.98K","0.99%"
"01/12/2024","235.02","233.99","235.50","232.49","23.73K","1.09%"
"01/11/2024","232.48","233.23","233.50","232.22","18.18K","0.06%"
"01/10/2024","232.34","223.45","232.69","223.45","79.46K","0.29%"
"01/09/2024","231.66","231.43","233.49","231.30","20.07K","0.10%"
"01/08/2024","231.43","235.37","235.37","231.08","28.66K","-0.86%"
"01/05/2024","233.44","232.75","233.94","232.30","8.22K","0.30%"
"01/04/2024","232.75","231.56","233.50","230.00","23.17K","0.51%"
"01/03/2024","231.56","232.77","232.77","230.00","16.06K","-0.52%"
"01/02/2024","232.77","233.77","233.77","231.30","47.29K","-0.43%"
"01/01/2024","233.77","233.55","235.29","232.73","21.01K","0.09%"
"12/29/2023","233.55","233.00","234.25","232.00","34.84K","-0.07%"
"12/28/2023","233.72","234.40","234.40","232.77","20.55K","0.59%"
"12/27/2023","232.36","230.32","232.70","229.56","48.08K","0.88%"
"12/26/2023","230.33","231.00","231.00","229.17","24.41K","0.51%"
"12/22/2023","229.17","230.45","230.45","228.14","19.03K","0.33%"
"12/21/2023","228.41","229.60","229.60","225.00","28.51K","0.37%"
"12/20/2023","227.57","230.62","232.41","227.20","31.80K","-1.32%"
"12/19/2023","230.62","230.60","231.55","229.29","9.73K","0.01%"
"12/18/2023","230.60","230.28","231.14","229.46","36.76K","0.14%"
"12/15/2023","230.28","227.53","231.21","227.53","25.74K","1.21%"
"12/14/2023","227.53","224.55","227.98","224.55","23.62K","1.35%"
"12/13/2023","224.49","224.77","225.19","223.12","17.36K","-0.12%"
"12/12/2023","224.77","225.87","226.37","224.11","15.95K","-0.29%"
"12/11/2023","225.42","225.69","226.68","224.04","37.25K","-0.16%"
"12/08/2023","225.77","224.84","226.49","223.56","17.02K","0.41%"
"12/07/2023","224.84","224.43","225.00","224.03","16.74K","0.18%"
"12/06/2023","224.43","225.50","226.45","223.75","20.06K","0.29%"
"12/05/2023","223.77","224.00","224.00","222.01","28.00K","0.80%"
"12/04/2023","221.99","218.10","222.45","218.10","42.65K","2.05%"
"12/01/2023","217.54","218.50","218.50","214.10","30.41K","0.64%"
"11/30/2023","216.15","215.67","216.59","215.11","13.70K","0.22%"
"11/29/2023","215.67","213.53","216.00","213.53","39.59K","1.00%"
"11/28/2023","213.53","212.87","213.99","212.52","61.01K","0.31%"
"11/24/2023","212.87","212.74","213.53","212.31","52.68K","0.03%"
"11/23/2023","212.81","212.97","214.75","212.55","6.24K","-0.08%"
"11/22/2023","212.97","212.57","213.40","211.94","7.04K","0.19%"
"11/21/2023","212.57","212.00","213.49","212.00","8.03K","0.20%"
"11/20/2023","212.15","212.21","212.48","211.25","13.71K","-0.03%"
"11/17/2023","212.22","214.40","214.40","211.74","12.23K","-0.26%"
"11/16/2023","212.77","211.30","213.49","211.00","74.67K","0.73%"
"11/15/2023","211.23","211.89","211.89","210.00","67.50K","0.74%"
"11/13/2023","209.67","210.06","210.06","208.78","13.65K","-0.44%"
"11/12/2023","210.60","210.32","210.89","209.51","28.98K","0.64%"
"11/10/2023","209.27","208.96","209.54","207.56","8.40K","0.22%"
"11/09/2023","208.81","210.74","210.74","207.34","7.13K","-0.12%"
"11/08/2023","209.06","209.00","209.64","208.61","11.54K","-0.04%"
"11/07/2023","209.15","208.65","209.32","208.25","22.01K","0.06%"
"11/06/2023","209.03","206.94","209.37","206.94","18.24K","1.01%"
"11/03/2023","206.94","207.04","207.83","206.65","11.21K","0.25%"
"11/02/2023","206.42","204.46","206.80","204.46","15.26K","0.95%"
"11/01/2023","204.47","205.61","206.25","204.28","22.05K","-0.42%"
"10/31/2023","205.34","206.99","206.99","205.04","22.31K","-0.23%"
"10/30/2023","205.81","205.14","207.45","204.10","36.67K","0.33%"
"10/27/2023","205.14","205.40","205.70","203.26","22.04K","0.93%"
"10/26/2023","203.25","205.91","205.91","202.89","90.12K","-1.55%"
"10/25/2023","206.44","209.44","209.60","205.41","156.59K","-0.53%"
"10/23/2023","207.53","209.77","210.00","207.09","31.68K","-1.07%"
"10/20/2023","209.78","210.01","210.22","209.39","14.62K","-0.46%"
"10/19/2023","210.75","211.00","211.10","209.61","10.39K","-0.26%"
"10/18/2023","211.30","212.15","213.10","211.00","36.10K","-0.53%"
"10/17/2023","212.42","213.74","213.75","211.97","11.27K","0.22%"
"10/16/2023","211.96","212.27","214.00","211.65","30.89K","-0.15%"
"10/13/2023","212.27","211.83","213.00","211.23","15.19K","-0.33%"
"10/12/2023","212.98","216.25","216.25","212.51","20.17K","-0.22%"
"10/11/2023","213.46","213.80","214.25","210.25","31.86K","0.78%"
"10/10/2023","211.81","210.58","212.70","210.25","10.93K","0.58%"
"10/09/2023","210.59","212.39","213.00","209.00","51.14K","-0.21%"
"10/06/2023","211.04","210.01","211.28","210.01","20.82K","0.50%"
"10/05/2023","210.00","211.00","211.00","209.33","37.97K","0.46%"
"10/04/2023","209.03","209.00","211.40","208.00","41.84K","-0.42%"
"10/03/2023","209.91","211.50","211.50","209.08","31.45K","-0.76%"
"09/29/2023","211.51","209.90","215.00","209.77","9.90K","0.77%"
"09/28/2023","209.90","213.44","213.44","209.60","13.60K","-0.89%"
"09/27/2023","211.79","213.24","213.24","210.11","53.69K","0.13%"
"09/26/2023","211.52","211.65","211.91","211.01","17.83K","0.22%"
"09/25/2023","211.05","213.67","213.67","210.60","14.98K","-0.27%"
"09/22/2023","211.63","212.54","214.44","211.23","27.45K","-0.43%"
"09/21/2023","212.54","213.67","213.67","212.00","40.07K","-0.76%"
"09/20/2023","214.17","216.18","216.18","213.54","19.06K","-0.93%"
"09/18/2023","216.19","216.44","218.40","215.85","57.55K","-0.12%"
"09/15/2023","216.44","216.08","216.60","215.82","26.94K","0.54%"
"09/14/2023","215.28","214.98","216.25","214.61","42.37K","0.14%"
"09/13/2023","214.98","214.10","215.49","213.95","26.54K","0.45%"
"09/12/2023","214.02","215.99","215.99","213.30","62.38K","-0.12%"
"09/11/2023","214.27","212.46","214.49","212.46","34.96K","0.85%"
"09/08/2023","212.46","213.25","213.25","211.23","28.09K","0.58%"
"09/07/2023","211.23","210.18","212.18","209.60","35.16K","0.50%"
"09/06/2023","210.18","210.75","210.77","208.66","20.04K","0.22%"
"09/05/2023","209.72","210.20","210.20","209.35","13.74K","0.18%"
"09/04/2023","209.34","208.54","209.50","208.28","11.10K","0.38%"
"09/01/2023","208.54","207.08","208.69","205.56","13.79K","0.70%"
"08/31/2023","207.09","208.00","208.20","206.70","19.48K","-0.37%"
"08/30/2023","207.85","209.50","209.50","207.55","10.04K","0.15%"
"08/29/2023","207.54","207.21","208.75","207.14","18.46K","0.16%"
"08/28/2023","207.21","209.00","209.00","206.40","17.78K","0.05%"
"08/25/2023","207.10","209.75","209.75","206.36","20.98K","-0.46%"
"08/24/2023","208.05","208.64","210.44","207.86","122.79K","-0.28%"
"08/23/2023","208.64","209.70","209.70","207.71","3.93K","0.43%"
"08/22/2023","207.75","208.20","208.89","207.50","4.91K","-0.22%"
"08/21/2023","208.20","207.62","209.68","207.48","24.39K","0.28%"
"08/18/2023","207.62","208.41","208.41","206.71","59.16K","-0.38%"
"08/17/2023","208.41","209.10","209.10","207.80","23.58K","-0.33%"
"08/16/2023","209.10","208.00","209.32","207.50","19.40K","0.15%"
"08/14/2023","208.79","208.32","209.04","206.71","22.35K","-0.05%"
"08/11/2023","208.89","211.35","211.35","208.67","15.22K","-0.51%"
"08/10/2023","209.97","211.75","211.75","208.66","13.13K","-0.05%"
"08/09/2023","210.08","210.00","211.79","208.36","22.22K","0.10%"
"08/08/2023","209.86","210.42","210.50","209.22","5.25K","-0.02%"
"08/07/2023","209.90","209.58","210.48","208.98","17.21K","0.15%"
"08/04/2023","209.58","209.89","209.89","208.10","19.14K","0.71%"
"08/03/2023","208.11","211.45","211.45","207.40","47.86K","-0.76%"
"08/02/2023","209.71","212.90","212.90","209.13","52.09K","-0.72%"
"08/01/2023","211.24","211.11","212.99","210.88","28.52K","0.04%"
"07/31/2023","211.16","212.25","212.25","208.33","10.67K","0.39%"
"07/28/2023","210.34","210.59","210.61","209.42","21.68K","-0.04%"
"07/27/2023","210.42","211.51","213.45","210.10","16.58K","-0.52%"
"07/26/2023","211.51","210.25","212.00","210.25","67.19K","0.60%"
"07/25/2023","210.24","212.00","212.06","209.88","12.79K","-0.16%"
"07/24/2023","210.57","218.25","218.25","209.51","500.37K","-0.63%"
"07/21/2023","211.90","212.59","212.85","211.00","26.01K","-0.32%"
"07/20/2023","212.59","213.75","213.75","210.25","22.19K","0.32%"
"07/19/2023","211.92","211.01","212.30","211.01","38.49K","0.27%"
"07/18/2023","211.34","210.40","212.30","210.40","47.28K","0.32%"
"07/17/2023","210.66","210.00","211.90","209.01","45.28K","0.74%"
"07/14/2023","209.12","207.40","209.55","207.40","33.93K","0.67%"
"07/13/2023","207.72","208.65","209.44","207.25","28.86K","0.05%"
"07/12/2023","207.62","208.77","208.79","207.42","21.98K","-0.19%"
"07/11/2023","208.01","211.23","211.23","206.55","53.06K","0.44%"
"07/10/2023","207.09","207.99","207.99","206.01","51.93K","0.24%"
"07/07/2023","206.59","208.38","208.99","206.42","750.47K","-0.86%"
"07/06/2023","208.39","207.52","208.59","207.18","25.61K","0.61%"
"07/05/2023","207.13","207.11","208.20","206.90","66.61K","0.01%"
"07/04/2023","207.11","206.64","208.14","206.28","36.84K","0.34%"
"07/03/2023","206.41","207.80","211.25","205.09","51.01K","0.64%"
"06/30/2023","205.09","202.44","205.25","202.44","89.70K","1.31%"
"06/28/2023","202.44","201.17","203.09","201.15","33.42K","0.63%"
"06/27/2023","201.17","200.00","201.30","200.00","22.74K","0.58%"
"06/26/2023","200.00","199.94","201.75","199.67","9.99K","0.03%"
"06/23/2023","199.94","201.16","201.16","199.70","8.92K","-0.45%"
"06/22/2023","200.85","202.20","202.20","200.77","21.87K","-0.36%"
"06/21/2023","201.58","201.90","202.12","201.14","13.63K","0.01%"
"06/20/2023","201.56","200.45","201.73","199.58","27.31K","0.51%"
"06/19/2023","200.54","201.18","202.00","200.11","30.34K","-0.32%"
"06/16/2023","201.18","199.99","201.74","199.99","36.03K","0.65%"
"06/15/2023","199.89","200.37","201.00","199.69","15.69K","-0.23%"
"06/14/2023","200.36","200.02","201.50","199.76","12.99K","0.17%"
"06/13/2023","200.02","199.32","200.10","199.32","33.54K","0.61%"
"06/12/2023","198.81","200.89","200.89","198.40","15.78K","0.14%"
"06/09/2023","198.53","199.20","200.99","198.31","19.47K","-0.36%"
"06/08/2023","199.25","200.72","201.02","199.00","538.15K","-0.52%"
"06/07/2023","200.30","198.80","200.46","198.80","269.06K","0.76%"
"06/06/2023","198.79","199.30","199.30","198.08","12.74K","0.04%"
"06/05/2023","198.71","199.14","199.40","198.51","26.86K","0.37%"
"06/02/2023","197.98","198.89","198.89","197.42","12.50K","0.34%"
"06/01/2023","197.30","199.02","199.02","197.13","14.24K","-0.51%"
"05/31/2023","198.31","198.96","198.96","197.62","18.27K","-0.35%"
"05/30/2023","199.00","199.14","199.15","198.14","15.77K","0.31%"
"05/29/2023","198.38","197.76","199.00","197.76","41.33K","0.46%"
"05/26/2023","197.48","196.24","197.58","195.87","61.71K","1.00%"
"05/25/2023","195.52","195.38","196.76","194.41","7.95K","0.07%"
"05/24/2023","195.38","195.72","196.40","195.00","12.52K","-0.36%"
"05/23/2023","196.09","196.75","196.75","195.69","32.68K","0.32%"
"05/22/2023","195.47","196.25","196.25","193.00","14.73K","0.50%"
"05/19/2023","194.49","194.57","194.57","193.40","16.29K","0.27%"
"05/18/2023","193.97","195.34","195.49","193.48","5.32K","-0.08%"
"05/17/2023","194.12","195.07","195.30","193.66","53.23K","-0.45%"
"05/16/2023","195.00","196.29","196.73","194.61","48.18K","-0.45%"
"05/15/2023","195.89","196.45","196.56","194.99","36.32K","0.38%"
"05/12/2023","195.15","194.99","195.55","193.83","21.68K","0.08%"
"05/11/2023","194.99","196.48","196.48","194.79","61.73K","-0.02%"
"05/10/2023","195.03","196.59","196.59","194.28","12.18K","-0.18%"
"05/09/2023","195.39","194.99","195.43","194.18","550.58K","0.44%"
"05/08/2023","194.54","192.65","194.88","192.00","15.99K","0.98%"
"05/05/2023","192.65","195.99","195.99","192.42","35.27K","-0.92%"
"05/04/2023","194.43","193.49","194.59","192.60","68.19K","0.75%"
"05/03/2023","192.98","193.51","193.51","192.35","19.18K","-0.24%"
"05/02/2023","193.44","194.04","194.04","192.50","35.33K","0.54%"
"04/28/2023","192.40","191.59","193.06","190.49","28.06K","0.76%"
"04/27/2023","190.94","189.73","191.20","189.58","27.71K","0.64%"
"04/26/2023","189.72","189.33","189.85","188.91","9.84K","0.16%"
"04/25/2023","189.42","188.99","189.75","188.80","9.76K","0.16%"
"04/24/2023","189.11","189.79","189.79","187.64","14.69K","0.48%"
"04/21/2023","188.21","188.44","188.63","187.53","8.07K","0.13%"
"04/20/2023","187.96","187.68","188.69","187.33","12.28K","0.06%"
"04/19/2023","187.85","188.23","189.09","187.32","24.46K","-0.20%"
"04/18/2023","188.23","189.26","189.40","187.65","40.14K","-0.35%"
"04/17/2023","188.90","190.89","190.89","187.60","70.92K","-0.51%"
"04/13/2023","189.87","189.94","189.95","188.83","34.38K","0.14%"
"04/12/2023","189.61","189.59","189.80","188.79","30.27K","0.43%"
"04/11/2023","188.79","187.89","189.19","187.89","21.45K","0.48%"
"04/10/2023","187.89","187.00","188.70","185.75","25.91K","0.27%"
"04/06/2023","187.39","186.96","188.00","186.20","32.12K","0.22%"
"04/05/2023","186.97","185.58","187.10","185.58","23.34K","0.75%"
"04/03/2023","185.58","184.89","187.60","184.42","58.66K","0.37%"
"03/31/2023","184.89","184.44","185.08","183.14","81.27K","1.54%"
"03/29/2023","182.08","181.30","183.14","180.65","24.80K","0.47%"
"03/28/2023","181.22","182.20","182.20","180.38","19.42K","-0.02%"
"03/27/2023","181.25","183.14","184.00","180.14","44.16K","0.06%"
"03/24/2023","181.14","182.65","182.77","180.80","30.56K","-0.65%"
"03/23/2023","182.32","182.54","183.70","182.00","31.40K","-0.42%"
"03/22/2023","183.08","183.99","186.93","179.60","45.06K","0.27%"
"03/21/2023","182.58","182.00","182.65","181.56","20.89K","0.56%"
"03/20/2023","181.56","181.76","184.60","180.00","49.90K","-0.66%"
"03/17/2023","182.77","182.71","183.21","181.25","16.65K","0.63%"
"03/16/2023","181.62","183.49","183.49","180.00","40.07K","0.07%"
"03/15/2023","181.50","182.98","183.94","181.00","27.82K","-0.42%"
"03/14/2023","182.26","186.01","186.01","181.67","71.87K","-0.76%"
"03/13/2023","183.65","188.00","188.00","183.01","78.63K","-1.34%"
"03/10/2023","186.15","187.95","187.95","185.04","34.73K","-0.88%"
"03/09/2023","187.80","189.20","189.30","187.58","11.94K","-0.66%"
"03/08/2023","189.04","188.09","189.28","187.68","16.38K","0.21%"
"03/06/2023","188.65","189.44","189.69","188.00","19.06K","0.42%"
"03/03/2023","187.86","185.66","187.98","185.66","35.93K","1.43%"
"03/02/2023","185.22","186.44","186.44","184.82","54.24K","-0.66%"
"03/01/2023","186.45","185.89","186.50","185.40","14.42K","0.77%"
"02/28/2023","185.02","189.00","189.64","184.24","22.50K","-0.48%"
"02/27/2023","185.92","186.20","186.50","185.00","35.26K","-0.36%"
"02/24/2023","186.59","188.00","188.00","186.00","31.02K","-0.32%"
"02/23/2023","187.18","188.10","188.40","186.70","19.58K","-0.63%"
"02/22/2023","188.36","190.14","190.14","187.49","41.29K","-1.20%"
"02/21/2023","190.65","190.95","191.42","190.12","22.56K","-0.07%"
"02/20/2023","190.79","193.00","193.00","190.41","14.83K","-0.32%"
"02/17/2023","191.40","192.13","192.55","190.94","23.38K","-0.49%"
"02/16/2023","192.35","192.07","193.50","192.06","19.23K","0.15%"
"02/15/2023","192.07","191.71","192.25","190.75","50.83K","0.17%"
"02/14/2023","191.74","190.01","192.20","189.61","559.41K","1.00%"
"02/13/2023","189.84","190.52","190.75","189.00","39.94K","-0.17%"
"02/10/2023","190.17","191.12","191.12","189.51","15.13K","-0.15%"
"02/09/2023","190.46","190.30","191.04","189.36","12.15K","-0.02%"
"02/08/2023","190.49","194.50","194.50","189.20","57.84K","0.88%"
"02/07/2023","188.83","189.69","189.90","188.11","20.83K","-0.19%"
"02/06/2023","189.18","189.86","190.76","188.51","28.67K","-0.36%"
"02/03/2023","189.86","188.12","190.44","187.31","54.44K","1.12%"
"02/02/2023","187.76","187.71","188.30","186.38","24.85K","0.03%"
"02/01/2023","187.71","188.89","191.63","186.05","34.81K","-0.57%"
"01/31/2023","188.79","190.00","190.00","187.11","22.69K","0.25%"
"01/30/2023","188.32","187.39","190.60","186.00","31.90K","0.50%"
"01/27/2023","187.39","192.00","192.00","186.75","143.11K","-2.01%"
"01/25/2023","191.23","192.91","192.91","190.61","47.96K","-0.94%"
"01/24/2023","193.04","193.20","193.69","192.51","18.59K","-0.06%"
"01/23/2023","193.15","192.11","193.66","192.11","25.58K","0.63%"
"01/20/2023","191.94","193.29","193.29","191.76","8.62K","-0.37%"
"01/19/2023","192.65","192.98","193.12","192.40","17.15K","-0.25%"
"01/18/2023","193.14","192.20","193.42","192.08","20.15K","0.60%"
"01/17/2023","191.98","191.19","192.54","190.95","56.32K","0.48%"
"01/16/2023","191.06","191.90","192.25","190.32","41.84K","-0.06%"
"01/13/2023","191.17","190.94","191.93","189.28","12.67K","0.52%"
"01/12/2023","190.19","197.00","197.00","189.61","15.60K","-0.50%"
"01/11/2023","191.14","191.24","192.00","190.11","24.70K","-0.05%"
"01/10/2023","191.23","192.60","192.60","190.50","26.22K","-0.72%"
"01/09/2023","192.62","193.99","193.99","191.21","23.96K","0.89%"
"01/06/2023","190.93","192.20","192.20","190.00","27.27K","-0.32%"
"01/05/2023","191.55","193.31","193.32","191.01","23.64K","-0.41%"
"01/04/2023","192.33","205.46","205.46","191.96","67.99K","-0.90%"
"01/03/2023","194.07","195.00","195.00","192.98","20.12K","0.22%"
"01/02/2023","193.64","197.75","197.75","192.81","29.03K","0.16%"
"12/30/2022","193.34","194.14","194.85","192.48","10.02K","-0.10%"
"12/29/2022","193.54","192.83","193.91","191.54","13.70K","0.32%"
"12/28/2022","192.92","206.41","206.41","192.53","6.92K","0.07%"
"12/27/2022","192.78","198.07","198.07","191.28","28.12K","0.59%"
"12/26/2022","191.64","189.94","192.39","189.01","40.12K","0.89%"
"12/23/2022","189.95","192.89","192.91","189.36","43.78K","-1.53%"
"12/22/2022","192.90","195.47","195.99","192.25","474.40K","-0.64%"
"12/21/2022","194.14","200.15","200.15","193.51","50.79K","-0.88%"
"12/20/2022","195.86","213.80","213.80","194.00","30.07K","-0.13%"
"12/19/2022","196.12","205.33","205.33","194.27","23.65K","0.73%"
"12/16/2022","194.70","200.16","200.16","194.50","69.74K","-1.03%"
"12/15/2022","196.72","200.15","200.15","196.40","50.95K","-0.83%"
"12/14/2022","198.36","198.20","199.44","198.20","8.57K","0.16%"
"12/13/2022","198.04","197.69","198.60","197.21","7.80K","0.22%"
"12/12/2022","197.61","197.11","197.92","196.00","21.40K","0.26%"
"12/09/2022","197.10","199.89","199.89","196.50","29.07K","-0.75%"
"12/08/2022","198.59","196.99","199.00","196.99","52.31K","0.46%"
"12/07/2022","197.68","180.70","199.02","180.70","16.31K","-0.46%"
"12/06/2022","198.59","199.50","199.50","197.80","12.86K","-0.20%"
"12/05/2022","198.98","198.13","199.50","181.00","38.87K","0.06%"
"12/02/2022","198.86","202.44","202.44","198.52","23.13K","-0.62%"
"12/01/2022","200.10","202.99","202.99","199.76","88.97K","0.26%"
"11/30/2022","199.59","198.98","200.20","198.13","85.09K","0.68%"
"11/29/2022","198.24","198.43","198.77","197.70","19.63K","0.26%"
"11/28/2022","197.72","195.01","198.00","195.01","37.37K","0.38%"
"11/25/2022","196.97","196.77","197.48","196.21","46.02K","0.29%"
"11/24/2022","196.40","204.27","204.27","194.61","42.02K","1.06%"
"11/23/2022","194.34","194.51","195.08","194.20","12.36K","0.09%"
"11/22/2022","194.16","194.94","194.94","193.27","6.59K","0.42%"
"11/21/2022","193.35","212.20","212.20","193.00","19.45K","-0.68%"
"11/18/2022","194.67","196.99","196.99","193.91","14.37K","-0.32%"
"11/17/2022","195.30","195.80","196.13","194.80","18.26K","-0.34%"
"11/16/2022","195.97","195.72","196.55","195.11","30.98K","0.13%"
"11/15/2022","195.71","195.49","196.00","194.57","51.22K","0.33%"
"11/14/2022","195.07","212.80","212.80","194.91","38.66K","-0.09%"
"11/11/2022","195.25","193.11","195.34","193.11","26.29K","1.76%"
"11/10/2022","191.87","210.60","210.60","191.41","28.63K","-0.70%"
"11/09/2022","193.23","194.67","212.10","192.99","34.25K","-0.24%"
"11/07/2022","193.69","192.51","193.97","192.36","64.51K","0.61%"
"11/04/2022","192.51","192.26","192.99","191.71","25.54K","0.14%"
"11/03/2022","192.25","192.34","192.69","191.51","11.85K","-0.05%"
"11/02/2022","192.34","193.03","193.29","191.96","14.49K","-0.36%"
"11/01/2022","193.03","191.99","193.39","191.73","153.56K","0.90%"
"10/31/2022","191.31","192.48","192.48","190.02","85.72K","1.15%"
"10/28/2022","189.13","194.18","194.18","188.51","29.53K","0.17%"
"10/27/2022","188.81","189.56","189.89","188.50","19.77K","-0.07%"
"10/25/2022","188.95","189.50","189.95","187.86","30.04K","-0.08%"
"10/24/2022","189.10","194.18","194.18","187.28","15.47K","0.97%"
"10/21/2022","187.28","187.69","188.21","186.83","54.00K","0.30%"
"10/20/2022","186.72","186.45","187.00","185.29","12.05K","0.23%"
"10/19/2022","186.30","193.69","193.69","186.10","12.08K","-0.09%"
"10/18/2022","186.46","187.00","194.18","184.13","126.77K","1.44%"
"10/17/2022","183.81","183.84","184.51","182.21","48.13K","0.39%"
"10/14/2022","183.09","183.01","184.94","182.75","53.89K","0.81%"
"10/13/2022","181.61","182.03","182.45","180.25","39.87K","-0.23%"
"10/12/2022","182.03","192.30","192.30","180.59","75.78K","0.34%"
"10/11/2022","181.42","183.65","183.65","181.06","55.31K","-1.21%"
"10/10/2022","183.65","183.09","184.08","181.60","18.97K","-0.15%"
"10/07/2022","183.92","183.57","184.75","183.34","26.16K","-0.10%"
"10/06/2022","184.11","187.79","187.79","183.40","18.64K","0.42%"
"10/04/2022","183.34","184.90","184.90","182.14","42.79K","1.66%"
"10/03/2022","180.35","186.00","193.40","179.71","97.31K","-1.16%"
"09/30/2022","182.47","181.60","183.41","178.80","124.05K","0.70%"
"09/29/2022","181.20","185.60","195.39","179.05","55.89K","0.61%"
"09/28/2022","180.11","181.64","182.30","179.65","45.66K","-0.90%"
"09/27/2022","181.75","185.59","185.59","181.02","157.37K","-0.12%"
"09/26/2022","181.96","184.66","184.66","181.41","82.32K","-1.50%"
"09/23/2022","184.73","188.17","188.17","184.00","78.80K","-1.83%"
"09/22/2022","188.17","187.79","189.00","187.13","15.95K","-0.38%"
"09/21/2022","188.88","187.51","190.02","187.51","22.92K","-0.39%"
"09/20/2022","189.62","190.99","192.00","188.77","29.35K","0.95%"
"09/19/2022","187.83","187.39","188.31","186.00","23.10K","0.39%"
"09/16/2022","187.10","190.00","190.50","186.75","79.77K","-1.74%"
"09/15/2022","190.42","193.90","193.90","190.11","18.03K","-0.38%"
"09/14/2022","191.15","190.49","192.30","189.69","53.68K","-0.44%"
"09/13/2022","192.00","190.86","192.20","190.86","40.36K","0.62%"
"09/12/2022","190.82","190.89","191.25","189.72","17.15K","0.60%"
"09/09/2022","189.69","193.80","193.80","188.99","17.63K","0.21%"
"09/08/2022","189.30","192.91","192.91","187.46","36.59K","1.00%"
"09/07/2022","187.43","186.99","187.89","186.50","49.65K","-0.26%"
"09/06/2022","187.92","188.30","188.77","186.91","247.26K","0.01%"
"09/05/2022","187.90","187.20","187.99","186.71","17.25K","0.66%"
"09/02/2022","186.66","187.89","188.20","186.00","17.30K","0.02%"
"09/01/2022","186.63","188.80","189.69","185.00","263.59K","-1.80%"
"08/30/2022","190.05","185.00","190.50","185.00","470.39K","2.89%"
"08/29/2022","184.72","185.00","186.00","183.20","38.98K","-1.37%"
"08/26/2022","187.28","187.20","188.42","186.61","10.37K","0.23%"
"08/25/2022","186.85","188.00","189.20","186.00","12.79K","-0.10%"
"08/24/2022","187.04","185.20","187.85","184.73","16.03K","0.17%"
"08/23/2022","186.72","185.96","187.42","184.52","196.84K","0.44%"
"08/22/2022","185.91","189.45","189.45","185.50","1.09M","-1.37%"
"08/19/2022","188.50","189.05","191.30","187.67","1.83M","-1.10%"
"08/18/2022","190.59","190.90","190.98","189.38","25.06K","0.07%"
"08/17/2022","190.46","189.19","190.60","189.19","68.64K","0.64%"
"08/16/2022","189.25","187.15","190.90","187.15","59.35K","1.12%"
"08/12/2022","187.15","187.53","189.63","185.65","35.53K","-0.20%"
"08/11/2022","187.53","187.09","188.25","186.25","69.53K","0.97%"
"08/10/2022","185.73","183.58","187.68","183.58","44.12K","0.10%"
"08/08/2022","185.54","184.85","185.99","183.09","72.34K","0.71%"
"08/05/2022","184.23","183.82","185.00","183.73","31.40K","0.22%"
"08/04/2022","183.82","184.52","185.00","181.74","118.53K","-0.05%"
"08/03/2022","183.92","184.95","184.95","182.50","33.91K","0.03%"
"08/02/2022","183.87","184.95","188.85","182.01","73.64K","0.11%"
"08/01/2022","183.67","182.70","183.80","180.68","29.88K","1.05%"
"07/29/2022","181.77","179.59","182.50","179.59","81.46K","1.16%"
"07/28/2022","179.68","177.90","180.56","177.34","84.47K","1.91%"
"07/27/2022","176.31","175.56","176.65","174.61","12.14K","0.39%"
"07/26/2022","175.62","176.25","176.36","174.75","59.16K","-0.36%"
"07/25/2022","176.26","177.12","177.80","175.00","79.16K","-0.49%"
"07/22/2022","177.12","176.50","177.50","176.22","70.92K","0.66%"
"07/21/2022","175.96","175.75","177.90","173.71","51.96K","0.64%"
"07/20/2022","174.84","174.95","176.44","174.65","35.49K","0.73%"
"07/19/2022","173.57","173.30","175.00","171.66","16.17K","0.22%"
"07/18/2022","173.19","172.00","173.31","171.17","83.62K","1.63%"
"07/15/2022","170.42","168.95","171.00","168.95","15.75K","0.75%"
"07/14/2022","169.15","170.17","170.89","168.60","27.84K","-0.44%"
"07/13/2022","169.90","170.95","171.25","169.35","7.14K","-0.43%"
"07/12/2022","170.64","171.30","171.61","170.00","17.48K","-0.59%"
"07/11/2022","171.66","171.00","172.20","168.45","36.73K","-0.11%"
"07/08/2022","171.85","196.90","196.90","171.00","14.93K","0.34%"
"07/07/2022","171.26","170.68","171.62","169.82","155.11K","0.95%"
"07/06/2022","169.65","172.90","172.90","167.65","22.90K","0.94%"
"07/05/2022","168.07","168.52","170.20","167.71","38.18K","-0.05%"
"07/04/2022","168.16","183.10","183.10","165.00","31.17K","0.10%"
"07/01/2022","168.00","168.60","168.60","165.05","25.96K","0.27%"
"06/30/2022","167.54","166.95","170.00","166.95","24.84K","0.02%"
"06/29/2022","167.51","167.79","168.20","166.11","18.88K","-0.21%"
"06/28/2022","167.87","167.70","168.55","167.00","28.40K","-0.14%"
"06/27/2022","168.11","169.60","169.60","167.01","20.27K","0.70%"
"06/24/2022","166.94","164.55","167.30","164.55","23.30K","1.01%"
"06/23/2022","165.27","164.35","166.23","163.00","31.76K","0.55%"
"06/22/2022","164.36","166.53","166.53","163.81","37.89K","-1.25%"
"06/21/2022","166.44","165.00","167.10","163.85","12.67K","1.72%"
"06/20/2022","163.63","164.40","164.98","162.09","31.73K","0.14%"
"06/17/2022","163.40","163.00","164.30","161.63","60.47K","-0.14%"
"06/16/2022","163.63","169.98","169.98","163.01","695.85K","-2.28%"
"06/15/2022","167.44","165.00","169.48","165.00","16.36K","-0.03%"
"06/14/2022","167.49","169.78","169.78","167.00","77.59K","-0.61%"
"06/13/2022","168.52","171.00","171.28","167.00","122.86K","-2.22%"
"06/10/2022","172.35","174.29","174.29","172.00","33.59K","-1.13%"
"06/09/2022","174.32","188.80","188.80","172.51","7.04K","0.63%"
"06/08/2022","173.23","179.70","179.70","173.10","28.82K","-0.67%"
"06/07/2022","174.40","178.50","178.50","173.31","19.75K","-0.70%"
"06/06/2022","175.63","177.90","179.01","174.01","17.47K","0.10%"
"06/03/2022","175.46","177.95","178.25","175.02","31.34K","0.02%"
"06/02/2022","175.42","171.35","175.88","171.35","8.23K","0.33%"
"06/01/2022","174.85","177.18","177.18","173.90","72.77K","-0.15%"
"05/31/2022","175.11","176.89","176.89","174.28","46.96K","-0.02%"
"05/30/2022","175.15","172.80","175.70","172.80","111.37K","1.51%"
"05/27/2022","172.54","170.41","174.49","170.41","19.11K","0.89%"
"05/26/2022","171.02","171.00","171.40","168.35","41.59K","0.62%"
"05/25/2022","169.97","171.60","171.75","169.50","28.24K","-0.26%"
"05/24/2022","170.42","171.95","172.00","169.10","74.06K","-0.37%"
"05/23/2022","171.06","174.75","174.75","170.04","82.00K","-0.40%"
"05/20/2022","171.75","177.20","177.20","169.00","33.17K","2.76%"
"05/19/2022","167.14","171.49","171.49","166.95","74.42K","-2.55%"
"05/18/2022","171.52","172.75","172.99","171.01","58.97K","-0.41%"
"05/17/2022","172.23","169.00","174.70","168.35","68.88K","2.30%"
"05/16/2022","168.35","165.00","169.43","165.00","39.94K","0.39%"
"05/13/2022","167.69","168.47","171.49","167.26","68.49K","-0.07%"
"05/12/2022","167.80","171.50","171.50","167.00","238.47K","-2.23%"
"05/11/2022","171.62","174.40","174.40","169.61","210.07K","-0.27%"
"05/10/2022","172.08","176.99","176.99","171.54","142.09K","-2.84%"
"05/09/2022","177.11","173.00","178.99","171.51","39.84K","1.82%"
"05/06/2022","173.95","174.79","175.24","173.31","99.07K","-1.72%"
"05/05/2022","177.00","183.86","193.20","176.00","67.62K","-0.13%"
"05/04/2022","177.23","184.84","184.84","176.50","71.10K","-1.60%"
"05/02/2022","180.12","180.50","180.50","178.83","49.93K","-0.33%"
"04/29/2022","180.71","183.95","183.95","180.13","15.65K","-0.52%"
"04/28/2022","181.66","182.00","182.22","180.16","33.98K","0.69%"
"04/27/2022","180.41","180.50","180.89","179.50","19.48K","-0.42%"
"04/26/2022","181.17","180.98","181.98","180.60","19.76K","1.04%"
"04/25/2022","179.30","197.20","197.20","178.02","47.22K","-0.91%"
"04/22/2022","180.94","181.11","183.50","180.64","22.21K","-1.48%"
"04/21/2022","183.66","187.74","187.74","181.85","27.52K","1.26%"
"04/20/2022","181.38","179.00","181.94","179.00","34.20K","1.13%"
"04/19/2022","179.35","186.87","186.87","177.95","46.73K","-1.33%"
"04/18/2022","181.77","185.50","185.50","180.15","84.41K","-2.45%"
"04/13/2022","186.34","191.81","191.81","185.00","22.14K","0.34%"
"04/12/2022","185.70","185.85","186.49","184.50","31.49K","-0.66%"
"04/11/2022","186.93","186.15","187.90","186.15","23.15K","-0.64%"
"04/08/2022","188.14","186.71","188.70","186.10","137.78K","0.77%"
"04/07/2022","186.70","187.60","188.04","186.50","33.70K","-0.86%"
"04/06/2022","188.32","191.00","191.00","187.93","24.78K","-0.82%"
"04/05/2022","189.88","191.99","191.99","188.01","36.70K","-0.23%"
"04/04/2022","190.32","210.00","210.00","183.05","159.70K","2.43%"
"04/01/2022","185.80","185.80","186.40","182.52","83.47K","0.82%"
"03/31/2022","184.28","186.80","186.80","182.51","17.75K","-0.06%"
"03/30/2022","184.39","183.85","184.61","181.10","28.39K","0.95%"
"03/29/2022","182.65","183.94","183.94","181.69","21.88K","0.39%"
"03/28/2022","181.94","184.70","184.70","175.55","36.07K","0.54%"
"03/25/2022","180.97","176.20","186.89","176.10","101.58K","-0.36%"
"03/24/2022","181.63","180.62","182.40","180.38","206.36K","-0.10%"
"03/23/2022","181.82","183.67","184.12","181.33","99.00K","-0.55%"
"03/22/2022","182.83","181.00","183.00","179.78","52.73K","1.04%"
"03/21/2022","180.95","184.10","184.10","180.65","62.16K","-0.66%"
"03/17/2022","182.16","181.31","182.80","180.95","21.44K","1.65%"
"03/16/2022","179.21","183.83","183.83","177.90","23.60K","1.77%"
"03/15/2022","176.10","178.04","178.97","174.50","39.81K","-1.09%"
"03/14/2022","178.04","179.90","179.90","173.55","90.28K","1.34%"
"03/11/2022","175.69","175.10","176.15","174.08","18.48K","0.22%"
"03/10/2022","175.31","176.80","176.86","173.78","89.47K","1.49%"
"03/09/2022","172.74","172.45","173.09","170.02","26.78K","1.66%"
"03/08/2022","169.92","168.00","170.48","166.23","88.65K","0.97%"
"03/07/2022","168.29","170.31","171.00","167.01","257.36K","-2.14%"
"03/04/2022","171.97","174.00","174.38","170.79","703.30K","-1.38%"
"03/03/2022","174.37","178.70","178.70","174.01","53.98K","-0.73%"
"03/02/2022","175.66","176.90","176.90","174.40","61.64K","-1.00%"
"02/28/2022","177.44","175.20","177.69","173.13","49.66K","0.75%"
"02/25/2022","176.12","174.25","179.45","174.25","108.15K","1.22%"
"02/24/2022","174.00","180.00","180.00","171.73","373.60K","-3.50%"
"02/23/2022","180.32","181.92","181.95","180.12","123.77K","-0.16%"
"02/22/2022","180.61","180.50","181.24","178.10","43.10K","-0.51%"
"02/21/2022","181.54","181.40","183.12","179.25","22.06K","-0.31%"
"02/18/2022","182.10","186.00","186.00","180.05","18.47K","-0.13%"
"02/17/2022","182.33","183.00","184.90","180.53","25.56K","-0.10%"
"02/16/2022","182.52","184.90","184.90","181.50","28.24K","-0.27%"
"02/15/2022","183.01","181.00","183.32","177.63","52.13K","2.83%"
"02/14/2022","177.97","179.80","182.50","177.55","132.29K","-2.96%"
"02/11/2022","183.39","184.10","184.28","182.49","33.01K","-1.15%"
"02/10/2022","185.53","184.47","186.40","184.01","24.57K","0.57%"
"02/09/2022","184.48","185.00","185.00","182.73","17.49K","1.16%"
"02/08/2022","182.37","184.10","186.80","180.01","48.29K","0.24%"
"02/07/2022","181.93","185.03","186.98","180.86","52.31K","-1.68%"
"02/04/2022","185.03","185.48","187.00","184.38","12.70K","-0.24%"
"02/03/2022","185.48","189.90","189.90","184.90","38.67K","-1.06%"
"02/02/2022","187.47","188.00","188.00","186.11","32.55K","1.12%"
"02/01/2022","185.39","184.80","185.90","182.45","38.73K","1.29%"
"01/31/2022","183.03","183.30","183.88","182.26","74.26K","1.30%"
"01/28/2022","180.69","184.00","184.45","180.50","43.53K","-0.08%"
"01/27/2022","180.83","182.00","182.00","178.30","72.03K","-0.92%"
"01/25/2022","182.50","181.19","184.81","177.82","205.06K","0.72%"
"01/24/2022","181.19","185.00","186.20","179.64","231.16K","-2.66%"
"01/21/2022","186.14","187.30","188.00","184.75","71.38K","-0.72%"
"01/20/2022","187.49","185.55","190.50","185.55","91.91K","-0.98%"
"01/19/2022","189.34","195.89","195.89","188.79","28.95K","-0.93%"
"01/18/2022","191.12","197.84","197.84","190.82","32.56K","-0.99%"
"01/17/2022","193.03","196.89","196.89","189.60","17.88K","0.30%"
"01/14/2022","192.46","188.40","192.80","188.40","18.47K","0.12%"
"01/13/2022","192.23","197.87","197.87","191.00","26.84K","0.36%"
"01/12/2022","191.54","191.42","191.70","190.81","23.34K","0.79%"
"01/11/2022","190.04","191.00","191.00","189.26","220.81K","0.16%"
"01/10/2022","189.73","191.55","191.55","188.53","21.48K","0.95%"
"01/07/2022","187.94","188.02","188.83","186.69","200.56K","0.37%"
"01/06/2022","187.25","188.05","188.26","186.10","26.46K","-0.75%"
"01/05/2022","188.67","187.40","189.10","187.25","17.80K","0.45%"
"01/04/2022","187.82","186.79","190.00","185.62","341.65K","0.88%"
"01/03/2022","186.19","187.90","187.90","183.03","312.57K","1.73%"
"12/31/2021","183.03","182.00","184.00","181.31","24.65K","0.69%"
"12/30/2021","181.77","182.99","182.99","181.30","33.97K","-0.04%"
"12/29/2021","181.84","182.09","184.00","181.20","21.46K","0.20%"
"12/28/2021","181.48","180.85","181.88","180.64","11.83K","0.77%"
"12/27/2021","180.09","179.03","180.50","177.45","20.00K","0.59%"
"12/24/2021","179.03","180.50","180.50","178.20","30.45K","-0.43%"
"12/23/2021","179.80","182.50","182.50","178.91","12.78K","0.42%"
"12/22/2021","179.04","200.00","200.00","177.50","12.36K","1.14%"
"12/21/2021","177.02","178.00","178.68","176.10","42.38K","0.83%"
"12/20/2021","175.56","179.38","181.00","173.17","161.36K","-2.13%"
"12/17/2021","179.38","182.57","184.40","179.07","42.67K","-1.50%"
"12/16/2021","182.12","186.83","186.83","181.49","11.14K","0.16%"
"12/15/2021","181.82","183.00","187.90","181.45","48.92K","-0.60%"
"12/14/2021","182.92","182.00","184.48","181.50","32.62K","-0.29%"
"12/13/2021","183.46","186.68","186.68","183.05","14.73K","-0.61%"
"12/10/2021","184.59","185.00","185.00","183.25","11.92K","-0.09%"
"12/09/2021","184.75","185.80","185.80","182.55","18.04K","0.42%"
"12/08/2021","183.97","204.90","204.90","181.30","33.01K","1.47%"
"12/07/2021","181.30","183.87","183.87","178.63","22.09K","1.49%"
"12/06/2021","178.63","186.84","186.84","178.41","52.10K","-1.66%"
"12/03/2021","181.65","188.85","188.85","181.22","130.90K","-1.19%"
"12/02/2021","183.84","181.50","183.91","181.00","361.02K","1.52%"
"12/01/2021","181.09","183.83","183.83","180.00","33.40K","1.11%"
"11/30/2021","179.10","180.38","182.73","178.57","36.34K","-0.57%"
"11/29/2021","180.12","184.86","184.86","178.00","52.20K","0.17%"
"11/26/2021","179.82","188.00","188.00","179.46","175.63K","-2.78%"
"11/25/2021","184.96","184.04","185.20","183.01","14.41K","0.50%"
"11/24/2021","184.04","184.00","186.01","183.26","31.13K","-0.35%"
"11/23/2021","184.68","188.81","188.81","182.11","40.38K","0.36%"
"11/22/2021","184.01","187.57","190.00","182.53","138.28K","-1.90%"
"11/18/2021","187.57","189.98","190.09","186.60","219.68K","-0.71%"
"11/17/2021","188.91","188.91","190.98","188.65","15.05K","-0.44%"
"11/16/2021","189.75","191.50","191.50","189.34","24.19K","-0.56%"
"11/15/2021","190.81","192.88","192.88","188.88","28.93K","-0.03%"
"11/12/2021","190.86","189.83","191.00","187.59","13.57K","1.31%"
"11/11/2021","188.40","191.22","191.22","187.80","42.53K","-0.80%"
"11/10/2021","189.92","190.26","190.34","189.00","22.04K","-0.18%"
"11/09/2021","190.26","193.90","193.90","189.61","17.41K","-0.12%"
"11/08/2021","190.48","193.85","193.85","188.40","65.01K","0.91%"
"11/04/2021","188.76","189.93","189.93","188.50","27.27K","0.39%"
"11/03/2021","188.03","192.60","192.60","184.45","131.17K","-0.41%"
"11/02/2021","188.81","189.22","192.00","188.29","45.27K","-0.22%"
"11/01/2021","189.22","189.90","189.90","186.74","39.12K","1.40%"
"10/29/2021","186.60","188.00","189.85","185.54","89.14K","-0.92%"
"10/28/2021","188.33","193.12","193.12","187.95","218.68K","-1.79%"
"10/27/2021","191.76","193.62","193.62","191.50","11.28K","-0.16%"
"10/26/2021","192.07","193.18","193.18","190.00","19.50K","0.50%"
"10/25/2021","191.12","194.83","194.83","189.50","40.47K","0.14%"
"10/22/2021","190.86","193.08","193.45","190.13","78.06K","-0.29%"
"10/21/2021","191.41","194.00","194.00","189.90","86.96K","-0.51%"
"10/20/2021","192.40","194.99","194.99","191.78","57.48K","-0.64%"
"10/19/2021","193.64","196.28","196.28","193.11","23.30K","-0.32%"
"10/18/2021","194.27","194.00","195.20","192.75","124.15K","0.96%"
"10/14/2021","192.42","191.53","192.59","191.52","42.47K","0.46%"
"10/13/2021","191.53","191.40","192.00","189.81","734.86K","1.32%"
"10/12/2021","189.03","186.53","189.90","186.53","83.76K","0.33%"
"10/11/2021","188.41","192.00","192.00","187.87","47.28K","0.28%"
"10/08/2021","187.89","187.49","188.48","187.30","17.81K","0.49%"
"10/07/2021","186.97","188.40","188.40","185.83","45.49K","0.67%"
"10/06/2021","185.72","186.60","189.30","185.50","42.64K","-1.12%"
"10/05/2021","187.82","187.10","187.95","185.76","12.21K","0.68%"
"10/04/2021","186.56","185.30","186.99","185.00","15.38K","0.98%"
"10/01/2021","184.75","187.50","187.50","183.80","51.32K","-0.57%"
"09/30/2021","185.81","186.03","188.20","185.30","31.12K","-0.30%"
"09/29/2021","186.36","186.98","187.19","185.25","32.51K","-0.24%"
"09/28/2021","186.80","189.16","189.16","184.86","35.69K","-0.41%"
"09/27/2021","187.56","204.70","204.70","187.42","18.10K","-0.11%"
"09/24/2021","187.77","192.78","192.78","187.26","24.81K","0.11%"
"09/23/2021","187.56","186.98","187.75","185.10","158.55K","1.36%"
"09/22/2021","185.04","183.00","187.35","183.00","27.48K","0.06%"
"09/21/2021","184.92","184.00","185.16","181.55","23.87K","0.80%"
"09/20/2021","183.45","187.40","187.40","183.00","27.20K","-1.03%"
"09/17/2021","185.36","187.39","187.39","185.00","75.71K","-0.14%"
"09/16/2021","185.62","185.80","186.40","182.68","38.33K","0.56%"
"09/15/2021","184.59","184.75","184.80","182.95","172.60K","0.91%"
"09/14/2021","182.93","187.82","187.82","182.78","112.68K","0.03%"
"09/13/2021","182.88","183.69","183.69","181.42","31.55K","0.16%"
"09/09/2021","182.59","183.40","183.40","181.00","10.88K","-0.11%"
"09/08/2021","182.80","187.70","187.70","181.79","90.51K","0.11%"
"09/07/2021","182.60","183.40","183.43","182.03","42.06K","-0.24%"
"09/06/2021","183.04","186.77","186.77","180.93","37.65K","0.42%"
"09/03/2021","182.27","190.00","192.20","179.33","59.87K","0.54%"
"09/02/2021","181.30","184.40","184.40","179.50","108.42K","0.74%"
"09/01/2021","179.96","180.90","181.31","179.80","58.40K","-0.14%"
"08/31/2021","180.22","177.60","180.44","177.60","15.34K","1.18%"
"08/30/2021","178.11","176.80","178.45","175.00","61.36K","1.23%"
"08/27/2021","175.94","176.98","176.98","174.48","49.97K","0.39%"
"08/26/2021","175.25","174.55","176.40","174.55","45.94K","0.06%"
"08/25/2021","175.14","179.83","179.83","174.94","15.15K","0.02%"
"08/24/2021","175.10","175.48","175.48","173.46","68.15K","0.84%"
"08/23/2021","173.65","175.40","175.40","172.05","23.68K","0.27%"
"08/20/2021","173.18","176.00","176.00","172.05","689.11K","-0.76%"
"08/18/2021","174.50","176.40","176.40","173.60","60.92K","-0.10%"
"08/17/2021","174.68","174.80","174.92","173.62","90.92K","0.20%"
"08/16/2021","174.33","174.00","174.49","172.00","11.78K","0.44%"
"08/13/2021","173.56","174.00","174.00","172.41","60.40K","0.90%"
"08/12/2021","172.01","172.00","172.16","171.25","9.46K","0.44%"
"08/11/2021","171.25","171.90","171.90","170.12","47.09K","-0.02%"
"08/10/2021","171.29","171.25","172.20","170.70","85.62K","0.06%"
"08/09/2021","171.19","169.55","171.80","169.55","97.71K","0.33%"
"08/06/2021","170.62","172.98","172.98","170.56","9.58K","-0.28%"
"08/05/2021","171.10","171.50","171.50","168.68","83.38K","0.28%"
"08/04/2021","170.63","169.80","170.90","169.50","114.19K","0.89%"
"08/03/2021","169.13","166.15","169.35","166.15","24.22K","1.38%"
"08/02/2021","166.83","166.75","167.00","166.20","17.37K","0.53%"
"07/30/2021","165.95","166.40","166.60","165.40","55.02K","-0.01%"
"07/29/2021","165.96","166.10","166.94","165.50","16.44K","0.31%"
"07/28/2021","165.45","165.11","165.60","163.44","15.37K","-0.06%"
"07/27/2021","165.55","166.00","167.00","165.30","92.70K","-0.40%"
"07/26/2021","166.22","166.80","168.00","165.91","114.27K","-0.19%"
"07/23/2021","166.54","165.36","166.99","165.36","17.11K","0.22%"
"07/22/2021","166.18","165.00","166.35","165.00","88.07K","0.94%"
"07/20/2021","164.64","165.00","165.24","163.96","496.52K","-0.61%"
"07/19/2021","165.65","165.91","166.50","165.10","94.53K","-1.03%"
"07/16/2021","167.38","168.90","168.90","166.25","23.02K","0.11%"
"07/15/2021","167.20","166.66","168.40","166.09","68.93K","0.39%"
"07/14/2021","166.55","165.40","166.88","165.40","7.52K","0.33%"
"07/13/2021","166.01","165.35","166.85","165.35","18.74K","0.57%"
"07/12/2021","165.07","165.25","166.17","164.50","22.24K","-0.02%"
"07/09/2021","165.11","170.40","170.40","164.16","19.01K","-0.19%"
"07/08/2021","165.43","167.41","167.42","164.90","285.15K","-0.74%"
"07/07/2021","166.66","166.50","166.76","165.90","42.54K","0.34%"
"07/06/2021","166.10","166.13","167.00","165.98","93.85K","0.05%"
"07/05/2021","166.02","167.00","174.81","164.55","87.90K","0.68%"
"07/02/2021","164.90","165.09","165.42","164.00","117.39K","0.07%"
"07/01/2021","164.78","165.14","165.39","164.50","15.00K","-0.22%"
"06/30/2021","165.14","165.97","166.20","165.10","11.20K","-0.05%"
"06/29/2021","165.22","165.08","166.21","165.00","14.68K","-0.45%"
"06/28/2021","165.97","166.00","167.11","165.72","23.05K","-0.23%"
"06/25/2021","166.36","180.70","180.70","165.45","90.10K","0.37%"
"06/24/2021","165.75","165.17","165.92","164.97","13.67K","0.61%"
"06/23/2021","164.74","175.20","175.20","164.59","17.23K","-0.33%"
"06/22/2021","165.29","166.30","166.50","165.10","109.24K","0.03%"
"06/21/2021","165.24","164.00","165.37","162.89","29.30K","0.25%"
"06/18/2021","164.83","150.00","165.58","150.00","20.48K","-0.02%"
"06/17/2021","164.86","175.50","175.50","164.15","50.93K","-0.41%"
"06/16/2021","165.54","166.25","166.47","165.24","177.78K","-0.43%"
"06/15/2021","166.25","166.41","166.49","165.38","23.59K","0.39%"
"06/14/2021","165.61","169.75","169.75","163.61","83.60K","0.11%"
"06/11/2021","165.42","165.39","165.87","165.00","19.44K","0.50%"
"06/10/2021","164.59","178.40","178.40","152.20","75.30K","0.54%"
"06/09/2021","163.70","153.10","165.10","149.80","45.68K","-0.53%"
"06/08/2021","164.58","168.86","168.86","164.00","31.79K","-0.07%"
"06/07/2021","164.69","178.80","178.80","164.05","28.87K","0.39%"
"06/04/2021","164.05","188.70","188.70","163.60","16.76K","-0.02%"
"06/03/2021","164.08","163.60","164.41","163.09","151.53K","0.42%"
"06/02/2021","163.39","162.74","163.59","162.03","20.72K","0.23%"
"06/01/2021","163.01","162.40","163.56","162.39","47.29K","0.15%"
"05/31/2021","162.77","185.30","185.30","160.45","33.50K","1.04%"
"05/28/2021","161.09","160.30","161.95","160.30","51.40K","0.56%"
"05/27/2021","160.20","159.32","160.70","159.31","27.81K","0.41%"
"05/26/2021","159.54","160.00","160.00","158.62","41.79K","0.48%"
"05/25/2021","158.77","155.00","160.00","155.00","32.33K","0.06%"
"05/24/2021","158.68","163.00","163.00","157.55","31.42K","0.28%"
"05/21/2021","158.23","158.00","158.40","156.14","44.57K","1.48%"
"05/20/2021","155.93","150.70","157.42","150.70","165.04K","-0.65%"
"05/19/2021","156.95","152.52","157.85","152.52","113.73K","-0.38%"
"05/18/2021","157.55","156.90","157.85","156.90","30.53K","1.20%"
"05/17/2021","155.68","154.51","155.90","153.96","126.44K","1.25%"
"05/14/2021","153.76","154.00","154.19","152.90","42.03K","-0.05%"
"05/12/2021","153.83","155.08","155.08","153.35","59.19K","-0.81%"
"05/11/2021","155.09","153.30","161.90","153.30","253.47K","-0.46%"
"05/10/2021","155.81","168.70","168.70","155.38","34.08K","0.67%"
"05/07/2021","154.77","154.79","155.52","154.30","33.33K","0.49%"
"05/06/2021","154.01","153.89","154.17","153.00","9.08K","0.65%"
"05/05/2021","153.01","153.09","153.30","151.95","29.21K","0.76%"
"05/04/2021","151.85","155.40","155.40","151.50","20.16K","-0.87%"
"05/03/2021","153.19","153.00","153.70","151.00","23.58K","-0.10%"
"04/30/2021","153.35","155.00","155.18","152.50","69.12K","-1.25%"
"04/29/2021","155.29","156.44","156.99","154.80","19.84K","0.12%"
"04/28/2021","155.10","153.15","155.32","153.15","37.39K","1.33%"
"04/27/2021","153.07","151.50","153.18","151.50","48.14K","1.00%"
"04/26/2021","151.55","151.30","152.10","150.78","29.59K","0.95%"
"04/23/2021","150.13","150.32","151.64","149.60","109.36K","-0.48%"
"04/22/2021","150.85","149.21","150.93","148.42","144.59K","0.76%"
"04/20/2021","149.71","152.40","152.40","149.03","61.56K","-0.49%"
"04/19/2021","150.45","150.00","150.66","148.64","123.01K","-1.43%"
"04/16/2021","152.64","152.00","153.52","152.00","33.78K","0.21%"
"04/15/2021","152.32","155.87","155.87","150.32","30.77K","0.27%"
"04/13/2021","151.91","147.20","152.17","147.12","99.49K","0.11%"
"04/12/2021","151.74","154.91","154.91","150.10","223.88K","-2.05%"
"04/09/2021","154.91","155.54","155.74","154.33","135.39K","-0.39%"
"04/08/2021","155.51","158.00","158.00","154.88","199.02K","0.30%"
"04/07/2021","155.04","149.30","156.90","149.30","221.29K","0.71%"
"04/06/2021","153.95","154.74","154.86","152.35","185.02K","0.41%"
"04/05/2021","153.32","159.97","159.97","151.51","207.80K","-1.15%"
"04/01/2021","155.10","152.97","155.31","152.97","37.53K","1.39%"
"03/31/2021","152.97","154.53","154.55","152.88","25.39K","-1.25%"
"03/30/2021","154.91","156.86","156.86","152.66","117.36K","2.05%"
"03/26/2021","151.80","151.95","152.70","151.13","15.20K","0.94%"
"03/25/2021","150.38","151.61","152.30","149.79","48.02K","-1.20%"
"03/24/2021","152.21","153.88","154.44","151.88","37.04K","-1.51%"
"03/23/2021","154.54","158.00","158.77","153.88","24.59K","0.44%"
"03/22/2021","153.87","155.49","155.49","152.75","34.29K","-0.37%"
"03/19/2021","154.44","156.87","156.87","150.10","57.70K","1.45%"
"03/18/2021","152.24","150.20","158.50","150.16","57.83K","-1.09%"
"03/17/2021","153.91","157.44","157.44","153.55","182.10K","-1.34%"
"03/16/2021","156.00","156.95","157.59","155.71","15.03K","-0.15%"
"03/15/2021","156.24","161.87","161.87","154.60","113.79K","-0.31%"
"03/12/2021","156.72","160.40","160.40","156.40","39.98K","-1.14%"
"03/10/2021","158.52","162.96","162.96","157.70","52.66K","0.35%"
"03/09/2021","157.97","157.90","158.25","156.06","173.34K","0.93%"
"03/08/2021","156.51","160.00","160.00","155.95","27.00K","0.12%"
"03/05/2021","156.32","156.33","157.70","154.50","34.09K","-0.84%"
"03/04/2021","157.65","157.34","158.75","156.10","22.73K","-1.01%"
"03/03/2021","159.26","157.26","159.55","156.63","62.85K","2.10%"
"03/02/2021","155.98","150.00","156.78","150.00","36.52K","0.98%"
"03/01/2021","154.46","165.90","165.90","152.97","72.43K","1.47%"
"02/26/2021","152.22","153.00","158.00","143.80","203.00K","-3.65%"
"02/25/2021","157.98","159.70","159.70","157.27","62.59K","0.93%"
"02/24/2021","156.53","154.46","160.00","153.80","18.05K","1.73%"
"02/23/2021","153.87","153.70","155.70","153.00","39.43K","0.31%"
"02/22/2021","153.39","160.70","160.70","153.00","109.92K","-1.98%"
"02/19/2021","156.49","157.36","158.39","156.00","233.81K","-0.82%"
"02/18/2021","157.79","159.27","159.35","157.18","29.49K","-0.45%"
"02/17/2021","158.50","159.73","159.73","158.12","10.39K","-0.72%"
"02/16/2021","159.65","161.67","161.67","159.11","44.61K","-0.06%"
"02/15/2021","159.74","172.70","172.70","157.96","90.55K","0.83%"
"02/12/2021","158.42","172.50","172.50","157.16","17.24K","0.11%"
"02/11/2021","158.24","162.20","166.90","156.51","23.29K","0.49%"
"02/10/2021","157.47","161.60","161.97","156.00","162.41K","0.34%"
"02/09/2021","156.93","157.44","158.44","156.44","160.72K","0.03%"
"02/08/2021","156.89","169.10","169.10","155.50","1.16M","1.11%"
"02/05/2021","155.17","154.73","156.49","152.00","60.96K","0.28%"
"02/04/2021","154.73","153.35","155.00","152.93","62.18K","0.64%"
"02/03/2021","153.74","152.36","154.50","151.83","157.64K","1.02%"
"02/02/2021","152.19","150.00","153.25","149.43","186.78K","2.55%"
"02/01/2021","148.40","145.03","149.00","142.72","1.50M","3.97%"
"01/29/2021","142.74","144.60","153.00","142.17","213.90K","-1.11%"
"01/28/2021","144.34","144.83","145.51","143.32","390.31K","-1.04%"
"01/27/2021","145.86","149.05","162.50","145.60","143.27K","-2.14%"
"01/25/2021","149.05","151.25","151.41","148.65","40.02K","-1.01%"
"01/22/2021","150.57","152.80","152.95","150.25","21.97K","-0.84%"
"01/21/2021","151.85","152.54","154.04","151.22","49.95K","-0.42%"
"01/20/2021","152.49","151.99","152.98","151.20","23.63K","0.79%"
"01/19/2021","151.29","154.89","156.30","149.20","25.68K","1.31%"
"01/18/2021","149.34","150.13","154.97","148.65","28.14K","-0.53%"
"01/15/2021","150.13","151.86","152.05","150.00","56.08K","-1.20%"
"01/14/2021","151.95","160.90","160.90","150.80","90.24K","0.11%"
"01/13/2021","151.79","152.00","152.99","150.50","93.08K","0.09%"
"01/12/2021","151.65","150.54","151.79","150.00","43.78K","0.65%"
"01/11/2021","150.67","149.65","150.88","149.50","36.65K","0.99%"
"01/08/2021","149.20","148.73","149.57","148.10","30.26K","0.99%"
"01/07/2021","147.74","151.15","151.15","147.26","13.23K","0.16%"
"01/06/2021","147.50","147.82","148.59","146.90","143.05K","-0.22%"
"01/05/2021","147.82","147.37","148.00","146.70","17.56K","0.42%"
"01/04/2021","147.20","146.70","147.70","145.60","54.68K","0.68%"
"01/01/2021","146.20","146.58","146.60","145.65","24.87K","0.38%"
"12/31/2020","145.65","145.03","146.00","145.03","15.24K","0.04%"
"12/30/2020","145.59","145.99","146.00","144.36","62.50K","0.47%"
"12/29/2020","144.91","144.90","146.05","144.33","85.08K","0.33%"
"12/28/2020","144.43","143.25","145.00","143.00","113.26K","0.70%"
"12/24/2020","143.42","142.00","143.66","142.00","27.11K","1.12%"
"12/23/2020","141.83","143.90","143.90","140.01","12.63K","0.87%"
"12/22/2020","140.60","139.14","140.95","137.34","99.45K","1.05%"
"12/21/2020","139.14","143.75","143.90","137.06","87.97K","-2.88%"
"12/18/2020","143.26","142.80","143.49","142.18","51.30K","0.18%"
"12/17/2020","143.00","142.92","143.23","142.46","182.53K","0.48%"
"12/16/2020","142.32","142.47","142.65","141.61","86.77K","0.76%"
"12/15/2020","141.25","140.00","141.60","140.00","34.33K","-0.06%"
"12/14/2020","141.34","140.66","141.50","140.66","20.80K","0.51%"
"12/11/2020","140.62","143.90","143.90","139.53","73.67K","0.23%"
"12/10/2020","140.30","140.64","140.70","139.50","96.53K","-0.36%"
"12/09/2020","140.81","140.59","141.00","139.31","38.48K","0.93%"
"12/08/2020","139.51","139.87","139.90","138.75","29.99K","0.34%"
"12/07/2020","139.04","138.44","139.20","137.93","47.38K","0.77%"
"12/04/2020","137.98","140.90","140.90","137.01","30.30K","0.59%"
"12/03/2020","137.17","137.59","138.00","136.85","75.62K","0.40%"
"12/02/2020","136.63","136.60","137.00","135.69","29.40K","0.12%"
"12/01/2020","136.47","135.20","137.00","135.03","48.34K","0.94%"
"11/27/2020","135.20","135.94","135.99","134.69","42.42K","-0.07%"
"11/26/2020","135.29","135.20","136.49","133.60","39.91K","0.94%"
"11/25/2020","134.03","136.10","136.85","133.70","30.05K","-1.29%"
"11/24/2020","135.78","135.55","136.18","134.82","64.00K","0.91%"
"11/23/2020","134.55","135.29","135.29","134.02","32.49K","0.59%"
"11/20/2020","133.76","133.66","134.46","132.80","86.97K","0.22%"
"11/19/2020","133.47","135.74","135.74","132.81","56.84K","-1.10%"
"11/18/2020","134.96","134.00","135.40","133.50","456.89K","0.73%"
"11/17/2020","133.98","134.50","134.50","133.16","51.53K","1.03%"
"11/13/2020","132.61","131.95","132.90","131.24","27.17K","0.50%"
"11/12/2020","131.95","131.76","132.94","131.05","41.80K","-0.51%"
"11/11/2020","132.62","143.70","143.70","130.77","77.74K","0.59%"
"11/10/2020","131.84","141.40","141.40","129.05","172.55K","1.60%"
"11/09/2020","129.76","139.20","139.20","128.35","161.12K","1.59%"
"11/06/2020","127.73","125.85","127.99","125.85","49.68K","1.32%"
"11/05/2020","126.07","125.24","126.25","125.05","297.53K","1.71%"
"11/04/2020","123.95","123.10","124.11","122.72","60.00K","0.79%"
"11/03/2020","122.98","122.18","123.20","121.84","20.42K","1.20%"
"11/02/2020","121.52","121.37","122.35","120.85","26.96K","0.12%"
"10/30/2020","121.37","121.62","122.50","120.60","22.27K","-0.21%"
"10/29/2020","121.62","122.70","122.70","121.33","21.94K","-0.82%"
"10/28/2020","122.63","123.50","124.16","122.17","182.45K","-0.95%"
"10/27/2020","123.81","117.80","123.97","117.80","25.02K","0.90%"
"10/26/2020","122.70","124.00","124.67","122.25","43.49K","-1.06%"
"10/23/2020","124.02","123.81","124.80","123.80","9.54K","0.33%"
"10/22/2020","123.61","124.11","124.39","123.10","21.97K","-0.46%"
"10/21/2020","124.18","123.30","124.89","122.67","192.53K","0.45%"
"10/20/2020","123.62","123.43","124.14","123.43","27.60K","-0.19%"
"10/19/2020","123.86","123.50","123.88","122.78","121.78K","1.07%"
"10/16/2020","122.55","122.59","122.90","121.65","32.92K","0.66%"
"10/15/2020","121.75","124.65","124.78","121.66","124.45K","-2.13%"
"10/14/2020","124.40","124.07","124.65","122.74","549.74K","0.02%"
"10/13/2020","124.37","139.90","139.90","123.36","139.72K","0.46%"
"10/12/2020","123.80","124.31","124.82","123.34","236.69K","0.08%"
"10/09/2020","123.70","119.30","124.00","115.60","39.16K","0.58%"
"10/08/2020","122.99","122.54","123.62","122.51","114.13K","0.86%"
"10/07/2020","121.94","121.10","122.20","120.86","25.24K","0.68%"
"10/06/2020","121.12","120.29","121.30","120.10","32.39K","1.08%"
"10/05/2020","119.83","119.99","120.19","119.11","112.65K","0.81%"
"10/01/2020","118.87","117.90","119.20","117.85","48.77K","1.59%"
"09/30/2020","117.01","117.02","117.30","116.60","21.25K","0.07%"
"09/29/2020","116.93","117.50","117.89","116.28","65.00K","-0.20%"
"09/28/2020","117.17","116.09","117.25","115.50","26.79K","1.88%"
"09/25/2020","115.01","114.00","115.15","112.94","36.16K","1.50%"
"09/24/2020","113.31","115.00","115.05","112.80","70.25K","-2.23%"
"09/23/2020","115.89","117.50","117.50","115.10","125.18K","-0.17%"
"09/22/2020","116.09","118.90","118.90","115.38","55.14K","-0.71%"
"09/21/2020","116.92","123.20","126.80","116.60","597.65K","-2.22%"
"09/18/2020","119.58","123.50","127.10","119.33","152.32K","-0.26%"
"09/17/2020","119.89","120.38","120.52","119.59","226.09K","-0.56%"
"09/16/2020","120.57","120.44","120.74","119.91","33.15K","0.46%"
"09/15/2020","120.02","119.60","120.31","119.32","17.10K","0.46%"
"09/14/2020","119.47","119.45","120.22","118.47","1.43M","0.39%"
"09/11/2020","119.01","118.56","119.49","118.55","32.93K","0.03%"
"09/10/2020","118.98","117.56","119.35","117.56","25.72K","1.33%"
"09/09/2020","117.42","116.50","118.65","114.33","149.79K","-0.36%"
"09/08/2020","117.85","135.50","135.50","117.65","22.80K","0.03%"
"09/07/2020","117.81","123.00","123.00","117.30","62.08K","-0.30%"
"09/04/2020","118.16","118.17","118.98","118.00","145.03K","-1.32%"
"09/03/2020","119.74","115.00","120.40","115.00","133.16K","-0.11%"
"09/02/2020","119.87","119.88","119.99","118.80","33.76K","0.58%"
"09/01/2020","119.18","125.20","125.20","117.75","128.32K","0.88%"
"08/31/2020","118.14","121.02","122.21","117.72","734.37K","-2.26%"
"08/28/2020","120.87","120.33","121.14","120.33","283.04K","0.64%"
"08/27/2020","120.10","120.04","120.60","120.01","56.73K","0.10%"
"08/26/2020","119.98","119.55","120.00","119.02","68.36K","0.72%"
"08/25/2020","119.12","119.25","119.58","118.79","79.79K","0.11%"
"08/24/2020","118.99","119.08","119.25","118.41","119.99K","0.75%"
"08/21/2020","118.10","118.80","119.00","117.97","24.20K","0.25%"
"08/20/2020","117.81","118.90","118.90","117.21","61.38K","-0.92%"
"08/19/2020","118.90","118.50","119.30","118.50","130.25K","0.65%"
"08/18/2020","118.13","117.00","118.44","117.00","55.26K","1.17%"
"08/17/2020","116.76","116.31","117.50","116.00","36.57K","0.39%"
"08/14/2020","116.31","117.56","118.25","115.80","55.33K","-0.93%"
"08/13/2020","117.40","117.86","118.02","117.26","22.97K","-0.07%"
"08/12/2020","117.48","118.00","118.00","116.32","27.45K","-0.42%"
"08/11/2020","117.98","119.00","119.00","117.29","228.60K","0.86%"
"08/10/2020","116.97","116.61","117.50","116.61","72.62K","0.36%"
"08/07/2020","116.55","116.01","116.73","115.82","28.27K","0.42%"
"08/06/2020","116.06","116.00","116.80","115.41","123.19K","0.29%"
"08/05/2020","115.72","115.90","116.50","115.15","20.04K","0.29%"
"08/04/2020","115.38","114.00","115.65","113.50","238.83K","1.74%"
"08/03/2020","113.41","115.87","115.87","113.22","680.61K","-1.68%"
"07/31/2020","115.35","115.70","115.88","115.00","20.80K","0.00%"
"07/30/2020","115.35","117.00","117.20","115.05","72.12K","-0.75%"
"07/29/2020","116.22","117.20","117.68","115.99","302.34K","-0.90%"
"07/28/2020","117.27","115.00","117.51","111.00","37.84K","1.70%"
"07/27/2020","115.31","133.40","133.40","114.90","418.76K","-0.56%"
"07/24/2020","115.96","116.16","119.40","111.35","109.72K","-0.17%"
"07/23/2020","116.16","115.95","116.46","115.66","87.01K","0.75%"
"07/22/2020","115.29","115.95","116.24","114.61","46.15K","-0.64%"
"07/21/2020","116.03","114.20","116.25","114.20","229.55K","1.52%"
"07/20/2020","114.29","113.00","114.40","113.00","389.08K","1.47%"
"07/17/2020","112.63","112.00","113.10","111.69","576.53K","1.20%"
"07/16/2020","111.29","113.70","115.98","109.90","63.06K","0.78%"
"07/15/2020","110.43","110.89","112.17","109.90","511.60K","0.23%"
"07/14/2020","110.18","112.43","112.43","109.86","123.81K","-2.11%"
"07/13/2020","112.55","112.20","112.86","111.50","211.31K","0.88%"
"07/10/2020","111.57","111.60","112.00","111.08","94.02K","-0.44%"
"07/09/2020","112.06","111.29","112.50","111.29","409.77K","0.77%"
"07/08/2020","111.20","111.99","112.80","110.90","364.73K","-0.71%"
"07/07/2020","111.99","112.25","112.32","110.95","350.45K","0.76%"
"07/06/2020","111.15","110.33","111.78","110.33","561.60K","1.14%"
"07/03/2020","109.90","109.39","110.19","109.39","72.67K","0.55%"
"07/02/2020","109.30","109.00","109.60","107.93","501.16K","0.83%"
"07/01/2020","108.40","106.67","108.50","106.00","160.90K","1.38%"
"06/30/2020","106.92","107.00","107.86","106.35","82.79K","0.23%"
"06/29/2020","106.67","107.04","107.40","105.79","128.91K","-0.70%"
"06/26/2020","107.42","106.45","108.07","106.41","92.51K","1.29%"
"06/25/2020","106.05","105.99","107.27","105.60","118.96K","-0.24%"
"06/24/2020","106.30","108.20","109.21","106.11","169.12K","-1.76%"
"06/23/2020","108.20","106.54","108.50","106.54","68.91K","1.51%"
"06/22/2020","106.59","105.88","107.39","105.88","73.54K","0.67%"
"06/19/2020","105.88","104.90","106.42","104.49","365.30K","1.45%"
"06/18/2020","104.37","102.89","104.90","102.05","50.00K","1.76%"
"06/17/2020","102.56","103.00","103.72","102.20","28.07K","-0.18%"
"06/16/2020","102.74","106.20","108.92","101.00","44.67K","0.60%"
"06/15/2020","102.13","103.22","103.25","101.02","56.91K","-1.38%"
"06/12/2020","103.56","101.98","103.94","100.00","66.28K","0.27%"
"06/11/2020","103.28","104.94","113.90","102.97","384.67K","-1.58%"
"06/10/2020","104.94","104.45","105.61","104.33","66.89K","0.81%"
"06/09/2020","104.10","105.30","106.90","99.00","99.90K","-1.13%"
"06/08/2020","105.29","106.62","106.80","105.00","137.09K","0.26%"
"06/05/2020","105.02","104.09","105.65","104.03","50.73K","1.18%"
"06/04/2020","103.80","104.35","105.00","102.90","128.14K","-0.22%"
"06/03/2020","104.03","103.50","107.00","103.50","447.84K","0.82%"
"06/02/2020","103.18","102.00","103.40","101.52","98.08K","1.55%"
"06/01/2020","101.61","99.60","102.79","99.60","422.09K","2.50%"
"05/29/2020","99.13","97.50","99.50","97.00","353.59K","1.31%"
"05/28/2020","97.85","96.00","98.00","96.00","94.64K","1.69%"
"05/27/2020","96.22","94.90","96.50","93.70","50.37K","2.27%"
"05/26/2020","94.08","94.90","95.20","93.70","39.02K","0.23%"
"05/22/2020","93.86","94.01","95.00","93.50","42.38K","-0.74%"
"05/21/2020","94.56","94.45","95.15","94.05","39.14K","0.44%"
"05/20/2020","94.15","92.58","94.60","92.50","38.75K","1.70%"
"05/19/2020","92.58","93.00","93.96","92.20","93.81K","0.74%"
"05/18/2020","91.90","95.00","95.00","91.73","153.62K","-3.22%"
"05/15/2020","94.96","96.00","96.00","94.00","216.69K","-0.65%"
"05/14/2020","95.58","96.60","96.60","95.06","108.98K","-1.97%"
"05/13/2020","97.50","99.00","99.41","97.21","109.19K","1.97%"
"05/12/2020","95.62","95.30","96.10","94.00","66.48K","-0.16%"
"05/11/2020","95.77","95.91","97.75","95.50","71.62K","-0.15%"
"05/08/2020","95.91","96.70","97.02","95.59","130.47K","0.52%"
"05/07/2020","95.41","95.30","96.00","94.67","255.77K","-0.51%"
"05/06/2020","95.90","95.78","96.75","94.75","108.61K","0.13%"
"05/05/2020","95.78","99.50","102.40","95.50","101.80K","-0.81%"
"05/04/2020","96.56","98.88","98.88","96.00","807.68K","-4.75%"
"04/30/2020","101.38","103.20","108.20","99.50","250.85K","2.16%"
"04/29/2020","99.24","97.61","99.60","97.06","403.38K","2.40%"
"04/28/2020","96.91","97.00","97.39","95.95","366.04K","0.51%"
"04/27/2020","96.42","96.10","96.98","95.86","82.73K","1.52%"
"04/24/2020","94.98","96.50","96.50","94.72","116.01K","-1.38%"
"04/23/2020","96.31","95.45","96.95","94.80","245.43K","1.33%"
"04/22/2020","95.05","93.40","95.45","92.80","184.10K","1.78%"
"04/21/2020","93.39","96.00","96.00","92.88","474.61K","-2.84%"
"04/20/2020","96.12","96.59","96.65","95.35","257.10K","0.96%"
"04/17/2020","95.21","97.60","97.60","93.67","355.21K","1.45%"
"04/16/2020","93.85","92.94","94.24","91.71","706.95K","0.67%"
"04/15/2020","93.23","95.49","96.00","92.50","1.05M","-0.47%"
"04/13/2020","93.67","93.99","94.25","92.13","687.53K","0.10%"
"04/09/2020","93.58","93.80","94.20","91.50","216.27K","2.81%"
"04/08/2020","91.02","90.50","94.38","88.81","826.44K","0.40%"
"04/07/2020","90.66","87.99","90.95","86.00","322.73K","7.19%"
"04/03/2020","84.58","86.72","87.44","84.00","452.24K","-2.47%"
"04/01/2020","86.72","88.50","90.00","86.20","157.84K","-2.04%"
"03/31/2020","88.53","87.99","89.75","87.00","238.71K","2.21%"
"03/30/2020","86.62","88.20","89.00","86.15","557.17K","-3.77%"
"03/27/2020","90.01","89.40","94.50","88.50","241.03K","0.69%"
"03/26/2020","89.39","86.22","90.90","85.50","505.89K","3.68%"
"03/25/2020","86.22","84.10","87.00","82.20","539.56K","2.59%"
"03/24/2020","84.04","88.00","101.00","81.95","273.65K","2.38%"
"03/23/2020","82.09","85.00","87.00","81.01","744.16K","-8.75%"
"03/20/2020","89.96","88.49","91.41","85.25","691.46K","4.29%"
"03/19/2020","86.26","90.45","91.97","85.15","1.17M","-4.63%"
"03/18/2020","90.45","97.00","97.00","89.95","855.97K","-5.08%"
"03/17/2020","95.29","123.96","123.96","94.00","368.35K","-1.34%"
"03/16/2020","96.58","104.73","104.73","95.90","3.00M","-7.78%"
"03/13/2020","104.73","110.00","110.00","93.10","455.92K","2.85%"
"03/12/2020","101.83","109.16","109.16","100.20","795.38K","-6.71%"
"03/11/2020","109.16","109.95","109.95","107.96","178.70K","-0.72%"
"03/09/2020","109.95","117.10","119.40","108.10","714.83K","-4.25%"
"03/06/2020","114.83","119.50","121.80","112.60","215.82K","-1.96%"
"03/05/2020","117.13","119.20","119.20","116.93","32.41K","0.22%"
"03/04/2020","116.87","117.34","117.78","115.50","56.08K","-0.48%"
"03/03/2020","117.43","119.10","121.50","116.15","56.44K","0.55%"
"03/02/2020","116.79","118.28","118.59","116.23","117.15K","0.01%"
"02/28/2020","116.78","119.50","119.50","116.15","204.95K","-3.13%"
"02/27/2020","120.55","121.20","121.20","120.15","57.30K","-0.69%"
"02/26/2020","121.39","122.00","122.30","120.77","39.08K","-0.95%"
"02/25/2020","122.56","123.10","123.50","122.48","46.67K","-0.43%"
"02/24/2020","123.09","127.90","130.50","122.75","60.99K","-1.87%"
"02/20/2020","125.44","125.69","125.75","125.04","33.90K","-0.20%"
"02/19/2020","125.69","125.35","125.74","124.76","49.12K","1.03%"
"02/18/2020","124.41","124.70","124.79","123.77","44.51K","-0.63%"
"02/17/2020","125.20","131.80","131.80","124.73","20.23K","-0.07%"
"02/14/2020","125.29","126.90","126.90","125.10","16.25K","-0.57%"
"02/13/2020","126.01","126.55","126.55","125.72","17.16K","-0.47%"
"02/12/2020","126.60","126.00","128.70","125.90","169.02K","0.89%"
"02/11/2020","125.48","124.89","126.15","124.89","34.46K","0.63%"
"02/10/2020","124.69","125.44","125.44","124.16","26.42K","-0.60%"
"02/07/2020","125.44","125.12","125.95","125.01","42.16K","-0.13%"
"02/06/2020","125.60","125.31","125.95","125.14","169.95K","0.28%"
"02/05/2020","125.25","124.40","125.50","124.00","14.76K","0.70%"
"02/04/2020","124.38","123.48","124.50","122.00","864.69K","2.51%"
"02/03/2020","121.33","121.64","122.18","121.10","74.01K","-1.17%"
"02/01/2020","122.77","123.61","125.00","122.31","237.02K","-0.99%"
"01/31/2020","124.00","125.50","125.54","123.99","117.19K","-1.08%"
"01/30/2020","125.36","125.40","125.65","124.60","67.07K","-0.25%"
"01/29/2020","125.68","125.90","126.29","125.02","91.74K","0.33%"
"01/28/2020","125.27","127.38","127.38","125.00","62.33K","-0.65%"
"01/27/2020","126.09","126.53","126.95","125.65","64.41K","-0.97%"
"01/24/2020","127.33","126.07","127.40","125.79","29.01K","0.78%"
"01/23/2020","126.35","125.95","126.61","125.40","8.16K","0.49%"
"01/22/2020","125.74","126.95","126.95","125.50","24.40K","-0.40%"
"01/21/2020","126.25","127.02","127.07","126.05","13.47K","-0.61%"
"01/20/2020","127.02","128.09","128.09","126.91","18.76K","-0.84%"
"01/17/2020","128.09","127.84","128.34","127.48","6.39K","0.20%"
"01/16/2020","127.84","136.90","139.50","116.50","27.45K","-0.11%"
"01/15/2020","127.98","127.70","128.00","127.20","12.70K","0.09%"
"01/14/2020","127.87","128.50","128.50","127.28","15.69K","0.29%"
"01/13/2020","127.50","127.14","127.69","127.14","89.12K","0.62%"
"01/10/2020","126.72","127.05","127.50","126.45","13.88K","0.20%"
"01/09/2020","126.47","125.59","126.74","125.55","20.45K","1.32%"
"01/08/2020","124.82","125.24","125.24","123.91","27.82K","-0.34%"
"01/07/2020","125.24","124.71","126.30","124.71","24.86K","0.47%"
"01/06/2020","124.65","126.00","126.38","124.45","37.63K","-1.33%"
"01/03/2020","126.33","127.01","132.46","126.14","160.74K","-0.54%"
"01/02/2020","127.01","135.30","135.30","126.41","11.27K","0.43%"
"01/01/2020","126.47","127.79","130.00","125.89","10.19K","-0.28%"